Target,AUC,PD,PF,Gmean,Fmeasure,Balance,MCC,FIR,cost
ant1_7,0.77538652,0.843373494,0.464594128,0.67197256,0.486956522,0.653316019,0.316773138,0.349050815,0.653691275
ant1_7,0.767791373,0.831325301,0.455958549,0.672514255,0.485915493,0.656234562,0.31339282,0.350919171,0.652348993
ant1_7,0.771146763,0.843373494,0.488773748,0.65662369,0.475382003,0.637073259,0.297874706,0.326768936,0.672483221
ant1_7,0.774580186,0.837349398,0.455958549,0.674946502,0.48857645,0.657689164,0.318491626,0.353985805,0.64966443
ant1_7,0.769523691,0.825301205,0.490500864,0.648452197,0.466780239,0.631821534,0.2810384,0.315279479,0.681879195
ant1_7,0.772743825,0.84939759,0.492227979,0.656734597,0.476351351,0.636015475,0.300377699,0.326802799,0.672483221
ant1_7,0.768056683,0.819277108,0.487046632,0.648267655,0.465753425,0.632661474,0.27859337,0.315159889,0.681879195
ant1_7,0.774741453,0.831325301,0.462867012,0.668230681,0.482517483,0.651648866,0.307906453,0.344460656,0.657718121
ant1_7,0.778382962,0.855421687,0.499136442,0.654560577,0.475711893,0.632549271,0.300253241,0.323697892,0.675167785
ant1_7,0.772993529,0.837349398,0.495682211,0.649838593,0.469594595,0.631112434,0.287340244,0.317116508,0.680536913
ant1_7,0.776218865,0.825301205,0.493955095,0.646250315,0.465195246,0.6295197,0.278340935,0.31202665,0.684563758
ant1_7,0.777077221,0.855421687,0.502590674,0.652299567,0.474123539,0.630202573,0.297604047,0.320559599,0.677852349
ant1_7,0.770668165,0.819277108,0.492227979,0.644985266,0.463373083,0.629224362,0.274531871,0.310244769,0.68590604
ant1_7,0.775017167,0.843373494,0.468048359,0.669801399,0.485268631,0.651000624,0.314055809,0.345867689,0.656375839
ant1_7,0.77085024,0.807228916,0.473229706,0.652092181,0.466898955,0.63867809,0.279250354,0.321566663,0.676510067
ant1_7,0.777488191,0.84939759,0.476683938,0.666710884,0.483704974,0.646511201,0.312437877,0.341025275,0.660402685
ant1_7,0.778226897,0.837349398,0.478411054,0.660872295,0.47766323,0.64269596,0.300793583,0.333146637,0.667114094
ant1_7,0.762646441,0.801204819,0.466321244,0.653900598,0.467486819,0.641548451,0.279654362,0.324842307,0.673825503
ant1_7,0.777836736,0.819277108,0.452504318,0.669739262,0.482269504,0.655456156,0.305973745,0.347927359,0.655033557
ant1_7,0.778736708,0.84939759,0.466321244,0.673279622,0.488734835,0.653491279,0.320541687,0.350506926,0.652348993
ant1_7,0.783938864,0.855421687,0.488773748,0.661297227,0.480541455,0.639581725,0.308228732,0.333112771,0.667114094
ant1_7,0.772946709,0.837349398,0.488773748,0.654274403,0.472789116,0.635750776,0.292706849,0.32352856,0.675167785
ant1_7,0.776988784,0.855421687,0.481865285,0.665750458,0.483816014,0.644263411,0.313571047,0.339389356,0.661744966
ant1_7,0.760664419,0.819277108,0.509499136,0.633921233,0.45561139,0.617736914,0.261060039,0.293861034,0.699328859
ant1_7,0.773295254,0.831325301,0.488773748,0.65191665,0.470187394,0.634383445,0.28754493,0.320241222,0.677852349
ant1_7,0.767531265,0.843373494,0.481865285,0.661045448,0.478632479,0.641722164,0.303246417,0.333135187,0.667114094
ant1_7,0.781847598,0.843373494,0.476683938,0.664342454,0.481099656,0.645204679,0.307289169,0.337909875,0.663087248
ant1_7,0.781701937,0.861445783,0.485319516,0.665859844,0.484745763,0.643116052,0.316076018,0.339334491,0.661744966
ant1_7,0.781478245,0.84939759,0.468048359,0.67218929,0.487889273,0.652328925,0.319187207,0.34892665,0.653691275
ant1_7,0.773789458,0.84939759,0.466321244,0.673279622,0.488734835,0.653491279,0.320541687,0.350506926,0.652348993
poi2_0,0.683725241,0.621621622,0.368231047,0.626674749,0.283950617,0.62666081,0.166895757,0.35959568,0.531847134
poi2_0,0.700604937,0.675675676,0.353790614,0.660778301,0.3125,0.660622581,0.21260444,0.420254777,0.506369427
poi2_0,0.698165675,0.648648649,0.357400722,0.645616878,0.3,0.645611055,0.192368673,0.396098726,0.515923567
poi2_0,0.707337301,0.675675676,0.342960289,0.666292541,0.318471338,0.666227602,0.220760894,0.434394904,0.496815287
poi2_0,0.700702508,0.594594595,0.375451264,0.609387646,0.26993865,0.609284506,0.144146734,0.325130284,0.544585987
poi2_0,0.706849449,0.675675676,0.353790614,0.660778301,0.3125,0.660622581,0.21260444,0.420254777,0.506369427
poi2_0,0.70406869,0.621621622,0.371841155,0.624881685,0.282208589,0.624875993,0.164299038,0.354472445,0.535031847
poi2_0,0.720558103,0.675675676,0.357400722,0.658929967,0.310559006,0.658736507,0.209920846,0.415541401,0.50955414
poi2_0,0.682993463,0.675675676,0.364620939,0.655217656,0.306748466,0.654938631,0.204603646,0.40611465,0.515923567
poi2_0,0.666796761,0.621621622,0.393501805,0.614013348,0.272189349,0.613985837,0.148998227,0.323733038,0.554140127
poi2_0,0.689433115,0.648648649,0.38267148,0.632794841,0.28742515,0.632654635,0.174102304,0.361730361,0.538216561
poi2_0,0.674309689,0.621621622,0.38267148,0.619471352,0.277108434,0.619469016,0.156591188,0.339102742,0.544585987
poi2_0,0.692116304,0.621621622,0.353790614,0.633796282,0.291139241,0.633709135,0.177431311,0.380088618,0.51910828
poi2_0,0.698555957,0.648648649,0.328519856,0.659965672,0.315789474,0.659872768,0.214234803,0.435376858,0.49044586
poi2_0,0.674260904,0.621621622,0.389891697,0.615838057,0.273809524,0.61582183,0.151517109,0.328856273,0.550955414
poi2_0,0.681334764,0.648648649,0.400722022,0.62347482,0.279069767,0.623153937,0.161462071,0.337181529,0.554140127
poi2_0,0.686164504,0.675675676,0.36101083,0.657076433,0.308641975,0.65684181,0.207254068,0.410828025,0.512738854
poi2_0,0.705239536,0.621621622,0.332129964,0.644331013,0.302631579,0.643994024,0.193731991,0.410828025,0.5
poi2_0,0.695921553,0.621621622,0.375451264,0.62308346,0.280487805,0.623082338,0.161716316,0.349349211,0.538216561
poi2_0,0.698458386,0.594594595,0.375451264,0.609387646,0.26993865,0.609284506,0.144146734,0.325130284,0.544585987
poi2_0,0.682554396,0.621621622,0.364620939,0.628462698,0.285714286,0.628436663,0.1695069,0.364718914,0.52866242
poi2_0,0.673138843,0.621621622,0.400722022,0.610347564,0.269005848,0.610289636,0.143994871,0.313486569,0.560509554
poi2_0,0.688115914,0.675675676,0.36101083,0.657076433,0.308641975,0.65684181,0.207254068,0.410828025,0.512738854
poi2_0,0.680993268,0.621621622,0.386281588,0.617657376,0.275449102,0.617649596,0.154047966,0.333979507,0.547770701
poi2_0,0.680505415,0.648648649,0.379061372,0.634642421,0.289156627,0.634530921,0.176668621,0.366640127,0.535031847
poi2_0,0.700458581,0.675675676,0.36101083,0.657076433,0.308641975,0.65684181,0.207254068,0.410828025,0.512738854
poi2_0,0.681334764,0.621621622,0.36101083,0.630245574,0.2875,0.630203423,0.172132907,0.369842149,0.525477707
poi2_0,0.70119036,0.648648649,0.400722022,0.62347482,0.279069767,0.623153937,0.161462071,0.337181529,0.554140127
poi2_0,0.70109279,0.675675676,0.386281588,0.643952329,0.295857988,0.643349097,0.189019992,0.377834395,0.535031847
poi2_0,0.678602791,0.621621622,0.36101083,0.630245574,0.2875,0.630203423,0.172132907,0.369842149,0.525477707
camel1_4,0.657515534,0.103448276,0.048143054,0.313796048,0.153846154,0.365128853,0.088571997,0.445718654,0.504587156
camel1_4,0.677598065,0.144827586,0.068775791,0.367242365,0.194444444,0.393349373,0.103541689,0.437800349,0.508027523
camel1_4,0.684210027,0.110344828,0.055020633,0.322914207,0.15920398,0.369716891,0.084028617,0.418004587,0.508027523
camel1_4,0.663344875,0.103448276,0.052269601,0.313115116,0.151515152,0.364965708,0.079755448,0.412461774,0.508027523
camel1_4,0.671303894,0.117241379,0.053645117,0.333094509,0.169154229,0.374643869,0.096592567,0.452239611,0.504587156
camel1_4,0.668216098,0.089655172,0.060522696,0.290222328,0.128712871,0.354867959,0.043884624,0.270906845,0.519495413
camel1_4,0.666480102,0.117241379,0.074277854,0.329443381,0.157407407,0.373589599,0.05849324,0.305518079,0.521788991
camel1_4,0.651890148,0.096551724,0.055020633,0.302058582,0.140703518,0.359982009,0.06415803,0.3586173,0.512614679
camel1_4,0.649750984,0.103448276,0.044016506,0.314475506,0.15625,0.365278625,0.097992755,0.478975535,0.501146789
camel1_4,0.673148983,0.124137931,0.067400275,0.340251378,0.169811321,0.378840938,0.079320831,0.381052497,0.513761468
camel1_4,0.664288763,0.124137931,0.070151307,0.339749162,0.168224299,0.378688657,0.074465492,0.362576453,0.516055046
camel1_4,0.671014561,0.096551724,0.049518569,0.302936661,0.143589744,0.360206722,0.075324179,0.40612713,0.508027523
camel1_4,0.670601907,0.117241379,0.048143054,0.334061403,0.172588832,0.3748678,0.108645097,0.491365353,0.5
camel1_4,0.646373856,0.103448276,0.053645117,0.312887809,0.150753769,0.364908356,0.076936879,0.401376147,0.509174312
camel1_4,0.679756202,0.131034483,0.066024759,0.349832764,0.179245283,0.3837775,0.090885413,0.413628682,0.510321101
camel1_4,0.659939288,0.110344828,0.064649243,0.321264872,0.153846154,0.369260018,0.06571748,0.345255161,0.516055046
camel1_4,0.662704549,0.110344828,0.05914718,0.322208383,0.156862745,0.36953005,0.07589793,0.386826261,0.51146789
camel1_4,0.658682351,0.103448276,0.055020633,0.312660337,0.15,0.36484952,0.07417408,0.39029052,0.510321101
camel1_4,0.65267277,0.103448276,0.046767538,0.314022698,0.154639175,0.365180263,0.091640773,0.456804281,0.503440367
camel1_4,0.656941612,0.124137931,0.049518569,0.343497887,0.180904523,0.379682963,0.115273427,0.501146789,0.498853211
camel1_4,0.647061614,0.110344828,0.063273728,0.321501009,0.154589372,0.369329765,0.068197303,0.355647936,0.514908257
camel1_4,0.657861784,0.110344828,0.052269601,0.323383901,0.16080402,0.369833975,0.089715728,0.438790138,0.505733945
camel1_4,0.659863397,0.110344828,0.067400275,0.320792076,0.152380952,0.369116048,0.060878766,0.32446961,0.518348624
camel1_4,0.650884599,0.096551724,0.056396149,0.301838663,0.14,0.359922148,0.061504188,0.346739843,0.513761468
camel1_4,0.655442774,0.089655172,0.050894085,0.291705767,0.133333333,0.355283817,0.06207636,0.360444601,0.51146789
camel1_4,0.664549637,0.096551724,0.038514443,0.304685228,0.14973262,0.360585366,0.100924028,0.501146789,0.498853211
camel1_4,0.662287151,0.131034483,0.057771664,0.351375017,0.184466019,0.384192142,0.106944753,0.466139546,0.503440367
camel1_4,0.659246787,0.103448276,0.052269601,0.313115116,0.151515152,0.364965708,0.079755448,0.412461774,0.508027523
camel1_4,0.661291088,0.103448276,0.057771664,0.312204896,0.148514851,0.364727397,0.068806403,0.368119266,0.512614679
camel1_4,0.672356875,0.131034483,0.071526823,0.348800806,0.175925926,0.383470537,0.081017465,0.378621439,0.514908257
ivy2_0,0.785616987,0.2,0.022435897,0.442168317,0.290909091,0.434092159,0.27899851,0.786931818,0.315340909
ivy2_0,0.779567308,0.175,0.019230769,0.414288083,0.264150943,0.41647844,0.262130432,0.788961039,0.318181818
ivy2_0,0.788100962,0.2,0.016025641,0.44361568,0.301886792,0.434201086,0.309594378,0.815340909,0.309659091
ivy2_0,0.801642628,0.125,0.019230769,0.350137336,0.196078431,0.381132154,0.192927042,0.75,0.329545455
ivy2_0,0.77744391,0.2,0.041666667,0.437797518,0.262295082,0.433547835,0.212156334,0.701704545,0.332386364
ivy2_0,0.795953526,0.225,0.022435897,0.468990323,0.321428571,0.451762657,0.308631427,0.797979798,0.309659091
ivy2_0,0.791225962,0.15,0.022435897,0.382928995,0.226415094,0.398749898,0.214666485,0.753787879,0.326704545
ivy2_0,0.790024038,0.275,0.038461538,0.514220845,0.349206349,0.4866267,0.303771617,0.762396694,0.3125
ivy2_0,0.784535256,0.15,0.028846154,0.381671425,0.218181818,0.398613227,0.190363604,0.715909091,0.332386364
ivy2_0,0.800761218,0.2,0.016025641,0.44361568,0.301886792,0.434201086,0.309594378,0.815340909,0.309659091
ivy2_0,0.801121795,0.15,0.012820513,0.384807644,0.24,0.398890873,0.262049548,0.810606061,0.318181818
ivy2_0,0.799799679,0.2,0.025641026,0.441442856,0.285714286,0.43402409,0.265657431,0.772727273,0.318181818
ivy2_0,0.801802885,0.2,0.032051282,0.439988345,0.275862069,0.433860757,0.241977229,0.744318182,0.323863636
ivy2_0,0.806971154,0.2,0.032051282,0.439988345,0.275862069,0.433860757,0.241977229,0.744318182,0.323863636
ivy2_0,0.800120192,0.225,0.016025641,0.470525484,0.333333333,0.451875096,0.339373499,0.823232323,0.303977273
ivy2_0,0.787700321,0.15,0.032051282,0.381041084,0.214285714,0.398532094,0.179709439,0.696969697,0.335227273
ivy2_0,0.796274038,0.15,0.016025641,0.384182449,0.235294118,0.398852422,0.244374254,0.791666667,0.321022727
ivy2_0,0.803966346,0.15,0.025641026,0.382300727,0.222222222,0.39868583,0.201958463,0.734848485,0.329545455
ivy2_0,0.801923077,0.2,0.025641026,0.441442856,0.285714286,0.43402409,0.265657431,0.772727273,0.318181818
ivy2_0,0.796674679,0.175,0.03525641,0.410889435,0.24137931,0.416104455,0.201339832,0.707792208,0.332386364
ivy2_0,0.795793269,0.175,0.019230769,0.414288083,0.264150943,0.41647844,0.262130432,0.788961039,0.318181818
ivy2_0,0.809495192,0.15,0.022435897,0.382928995,0.226415094,0.398749898,0.214666485,0.753787879,0.326704545
ivy2_0,0.790825321,0.15,0.012820513,0.384807644,0.24,0.398890873,0.262049548,0.810606061,0.318181818
ivy2_0,0.810096154,0.2,0.019230769,0.44289259,0.296296296,0.434151159,0.293568487,0.801136364,0.3125
ivy2_0,0.808012821,0.15,0.025641026,0.382300727,0.222222222,0.39868583,0.201958463,0.734848485,0.329545455
ivy2_0,0.803926282,0.15,0.028846154,0.381671425,0.218181818,0.398613227,0.190363604,0.715909091,0.332386364
ivy2_0,0.803125,0.15,0.022435897,0.382928995,0.226415094,0.398749898,0.214666485,0.753787879,0.326704545
ivy2_0,0.806330128,0.2,0.016025641,0.44361568,0.301886792,0.434201086,0.309594378,0.815340909,0.309659091
ivy2_0,0.790224359,0.15,0.016025641,0.384182449,0.235294118,0.398852422,0.244374254,0.791666667,0.321022727
ivy2_0,0.798277244,0.175,0.022435897,0.413610587,0.259259259,0.416421227,0.247763475,0.772727273,0.321022727
jedit4_0,0.746147186,0.04,0.008658009,0.199132317,0.075,0.321149884,0.106339584,0.591503268,0.722222222
jedit4_0,0.748167388,0.026666667,0.008658009,0.162590856,0.050632911,0.311722171,0.068200021,0.509803922,0.72875817
jedit4_0,0.73965368,0.013333333,0.008658009,0.114969097,0.025641026,0.302294449,0.020411102,0.264705882,0.735294118
jedit4_0,0.766753247,0.026666667,0.008658009,0.162590856,0.050632911,0.311722171,0.068200021,0.509803922,0.72875817
jedit4_0,0.753362193,0.013333333,0.008658009,0.114969097,0.025641026,0.302294449,0.020411102,0.264705882,0.735294118
jedit4_0,0.764761905,0.026666667,0.008658009,0.162590856,0.050632911,0.311722171,0.068200021,0.509803922,0.72875817
jedit4_0,0.762251082,0.04,0.008658009,0.199132317,0.075,0.321149884,0.106339584,0.591503268,0.722222222
jedit4_0,0.741702742,0.053333333,0.008658009,0.229938194,0.098765432,0.330577585,0.13860155,0.632352941,0.715686275
jedit4_0,0.748715729,0.013333333,0.008658009,0.114969097,0.025641026,0.302294449,0.020411102,0.264705882,0.735294118
jedit4_0,0.746522367,0.013333333,0.008658009,0.114969097,0.025641026,0.302294449,0.020411102,0.264705882,0.735294118
jedit4_0,0.728484848,0.04,0.008658009,0.199132317,0.075,0.321149884,0.106339584,0.591503268,0.722222222
jedit4_0,0.738412698,0.026666667,0.004329004,0.162945471,0.051282051,0.311742592,0.09751971,0.632352941,0.725490196
jedit4_0,0.744040404,0.026666667,0.012987013,0.162235466,0.05,0.311688137,0.04641341,0.387254902,0.732026144
jedit4_0,0.75965368,0.026666667,0.008658009,0.162590856,0.050632911,0.311722171,0.068200021,0.509803922,0.72875817
jedit4_0,0.758643579,0.053333333,0.004329004,0.230439695,0.1,0.330598582,0.166265759,0.693627451,0.712418301
jedit4_0,0.745772006,0.066666667,0.008658009,0.257078716,0.12195122,0.340005276,0.166895576,0.656862745,0.709150327
jedit4_0,0.746984127,0.026666667,0.008658009,0.162590856,0.050632911,0.311722171,0.068200021,0.509803922,0.72875817
jedit4_0,0.747243867,0.066666667,0.004329004,0.257639412,0.12345679,0.340026572,0.193397511,0.705882353,0.705882353
jedit4_0,0.77010101,0.053333333,0.004329004,0.230439695,0.1,0.330598582,0.166265759,0.693627451,0.712418301
jedit4_0,0.766176046,0.026666667,0.004329004,0.162945471,0.051282051,0.311742592,0.09751971,0.632352941,0.725490196
jedit4_0,0.752698413,0.053333333,0.008658009,0.229938194,0.098765432,0.330577585,0.13860155,0.632352941,0.715686275
jedit4_0,0.781529582,0.026666667,0.004329004,0.162945471,0.051282051,0.311742592,0.09751971,0.632352941,0.725490196
jedit4_0,0.762683983,0.04,0.008658009,0.199132317,0.075,0.321149884,0.106339584,0.591503268,0.722222222
jedit4_0,0.727272727,0.026666667,0.008658009,0.162590856,0.050632911,0.311722171,0.068200021,0.509803922,0.72875817
jedit4_0,0.758845599,0.013333333,0.004329004,0.115219848,0.025974026,0.302314594,0.048065801,0.509803922,0.732026144
jedit4_0,0.752640693,0.026666667,0.004329004,0.162945471,0.051282051,0.311742592,0.09751971,0.632352941,0.725490196
jedit4_0,0.751111111,0.026666667,0.008658009,0.162590856,0.050632911,0.311722171,0.068200021,0.509803922,0.72875817
jedit4_0,0.759451659,0.04,0.008658009,0.199132317,0.075,0.321149884,0.106339584,0.591503268,0.722222222
jedit4_0,0.738268398,0.066666667,0.004329004,0.257639412,0.12345679,0.340026572,0.193397511,0.705882353,0.705882353
jedit4_0,0.736681097,0.013333333,0.008658009,0.114969097,0.025641026,0.302294449,0.020411102,0.264705882,0.735294118
log1_0,0.765433896,0.264705882,0.069306931,0.496346583,0.36,0.477763995,0.262415149,0.552263374,0.674074074
log1_0,0.772714036,0.264705882,0.059405941,0.498979739,0.367346939,0.478374413,0.283565061,0.580246914,0.666666667
log1_0,0.78072219,0.382352941,0.079207921,0.593352812,0.472727273,0.55968092,0.36306845,0.593162393,0.622222222
log1_0,0.751601631,0.382352941,0.069306931,0.596534351,0.481481481,0.560516587,0.382511416,0.612535613,0.614814815
log1_0,0.773005242,0.382352941,0.089108911,0.590154121,0.464285714,0.558735744,0.344650381,0.573789174,0.62962963
log1_0,0.75728014,0.382352941,0.069306931,0.596534351,0.481481481,0.560516587,0.382511416,0.612535613,0.614814815
log1_0,0.750436808,0.411764706,0.079207921,0.615751313,0.5,0.580300908,0.390854752,0.604232804,0.607407407
log1_0,0.761939429,0.411764706,0.079207921,0.615751313,0.5,0.580300908,0.390854752,0.604232804,0.607407407
log1_0,0.772131625,0.382352941,0.059405941,0.599699012,0.490566038,0.56124212,0.403111888,0.631908832,0.607407407
log1_0,0.776790914,0.352941176,0.099009901,0.563911789,0.428571429,0.537134965,0.29844601,0.538271605,0.651851852
log1_0,0.762085032,0.264705882,0.108910891,0.485671215,0.333333333,0.474396051,0.190366146,0.440329218,0.703703704
log1_0,0.786546302,0.411764706,0.089108911,0.612431875,0.49122807,0.579309402,0.372534661,0.586243386,0.614814815
log1_0,0.755678509,0.323529412,0.089108911,0.542862836,0.407407407,0.517530905,0.286438781,0.542087542,0.659259259
log1_0,0.77446127,0.352941176,0.079207921,0.570074942,0.444444444,0.539045004,0.334475098,0.580246914,0.637037037
log1_0,0.785672685,0.294117647,0.069306931,0.523195237,0.392156863,0.498465681,0.294138376,0.571851852,0.659259259
log1_0,0.7968841,0.352941176,0.069306931,0.573131666,0.452830189,0.539843194,0.354040558,0.601234568,0.62962963
log1_0,0.76092021,0.323529412,0.099009901,0.539904433,0.4,0.516566749,0.26890084,0.519191919,0.666666667
log1_0,0.787711124,0.352941176,0.069306931,0.573131666,0.452830189,0.539843194,0.354040558,0.601234568,0.62962963
log1_0,0.76354106,0.441176471,0.089108911,0.633927216,0.517241379,0.59985994,0.399722914,0.597037037,0.6
log1_0,0.764269074,0.411764706,0.079207921,0.615751313,0.5,0.580300908,0.390854752,0.604232804,0.607407407
log1_0,0.766889924,0.352941176,0.069306931,0.573131666,0.452830189,0.539843194,0.354040558,0.601234568,0.62962963
log1_0,0.768345952,0.323529412,0.059405941,0.551642858,0.431372549,0.519822157,0.345574491,0.610774411,0.637037037
log1_0,0.782760629,0.323529412,0.069306931,0.548731794,0.423076923,0.519159118,0.324627207,0.587878788,0.644444444
log1_0,0.761065812,0.294117647,0.069306931,0.523195237,0.392156863,0.498465681,0.294138376,0.571851852,0.659259259
log1_0,0.767617938,0.294117647,0.069306931,0.523195237,0.392156863,0.498465681,0.294138376,0.571851852,0.659259259
log1_0,0.783197437,0.352941176,0.079207921,0.570074942,0.444444444,0.539045004,0.334475098,0.580246914,0.637037037
log1_0,0.765142691,0.352941176,0.079207921,0.570074942,0.444444444,0.539045004,0.334475098,0.580246914,0.637037037
log1_0,0.781450204,0.323529412,0.079207921,0.545805203,0.41509434,0.518395208,0.304969228,0.564983165,0.651851852
log1_0,0.785235877,0.382352941,0.079207921,0.593352812,0.472727273,0.55968092,0.36306845,0.593162393,0.622222222
log1_0,0.76252184,0.441176471,0.089108911,0.633927216,0.517241379,0.59985994,0.399722914,0.597037037,0.6
xal2_4,0.758482871,0.090909091,0.013050571,0.299537436,0.15625,0.357109419,0.179474153,0.726141079,0.439834025
xal2_4,0.758557022,0.1,0.014681892,0.313897771,0.169230769,0.363519223,0.186842269,0.723374827,0.438450899
xal2_4,0.768463592,0.081818182,0.016313214,0.283696077,0.139534884,0.350644946,0.147074605,0.678807438,0.445366528
xal2_4,0.757318701,0.1,0.013050571,0.314157513,0.170542636,0.363536993,0.195222641,0.737206086,0.437067773
xal2_4,0.755798606,0.127272727,0.016313214,0.353831175,0.208955224,0.382780828,0.22245743,0.73918198,0.43153527
xal2_4,0.76032923,0.1,0.01141925,0.31441704,0.171875,0.363552673,0.204190308,0.751037344,0.435684647
xal2_4,0.757771022,0.1,0.014681892,0.313897771,0.169230769,0.363519223,0.186842269,0.723374827,0.438450899
xal2_4,0.740716298,0.081818182,0.013050571,0.284166162,0.141732283,0.350681831,0.162998536,0.712617181,0.442600277
xal2_4,0.757281625,0.109090909,0.013050571,0.328126821,0.184615385,0.369964554,0.210323403,0.746426925,0.434301521
xal2_4,0.756280587,0.081818182,0.013050571,0.284166162,0.141732283,0.350681831,0.162998536,0.712617181,0.442600277
xal2_4,0.747515942,0.090909091,0.01141925,0.299784885,0.157480315,0.357124942,0.188413232,0.741355463,0.438450899
xal2_4,0.754211775,0.109090909,0.009787928,0.328668732,0.1875,0.369994122,0.228906463,0.771784232,0.43153527
xal2_4,0.751549755,0.090909091,0.01141925,0.299784885,0.157480315,0.357124942,0.188413232,0.741355463,0.438450899
xal2_4,0.772245291,0.081818182,0.014681892,0.283931217,0.140625,0.350664413,0.154757998,0.69571231,0.443983402
xal2_4,0.752795492,0.1,0.009787928,0.314676353,0.173228346,0.363566263,0.213827927,0.764868603,0.434301521
xal2_4,0.756147116,0.1,0.017944535,0.313377642,0.166666667,0.363477413,0.171578845,0.69571231,0.441217151
xal2_4,0.768226309,0.081818182,0.013050571,0.284166162,0.141732283,0.350681831,0.162998536,0.712617181,0.442600277
xal2_4,0.764659647,0.109090909,0.009787928,0.328668732,0.1875,0.369994122,0.228906463,0.771784232,0.43153527
xal2_4,0.756821889,0.109090909,0.013050571,0.328126821,0.184615385,0.369964554,0.210323403,0.746426925,0.434301521
xal2_4,0.750037075,0.109090909,0.014681892,0.327855529,0.183206107,0.369946603,0.20191187,0.733748271,0.435684647
xal2_4,0.75724455,0.1,0.013050571,0.314157513,0.170542636,0.363536993,0.195222641,0.737206086,0.437067773
xal2_4,0.756028474,0.090909091,0.01141925,0.299784885,0.157480315,0.357124942,0.188413232,0.741355463,0.438450899
xal2_4,0.769983687,0.109090909,0.016313214,0.327584013,0.181818182,0.36992654,0.193999143,0.721069617,0.437067773
xal2_4,0.743719413,0.081818182,0.013050571,0.284166162,0.141732283,0.350681831,0.162998536,0.712617181,0.442600277
xal2_4,0.758089871,0.109090909,0.016313214,0.327584013,0.181818182,0.36992654,0.193999143,0.721069617,0.437067773
xal2_4,0.750519057,0.081818182,0.014681892,0.283931217,0.140625,0.350664413,0.154757998,0.69571231,0.443983402
xal2_4,0.760277325,0.1,0.014681892,0.313897771,0.169230769,0.363519223,0.186842269,0.723374827,0.438450899
xal2_4,0.760877948,0.109090909,0.014681892,0.327855529,0.183206107,0.369946603,0.20191187,0.733748271,0.435684647
xal2_4,0.755450096,0.109090909,0.013050571,0.328126821,0.184615385,0.369964554,0.210323403,0.746426925,0.434301521
xal2_4,0.752521133,0.1,0.01141925,0.31441704,0.171875,0.363552673,0.204190308,0.751037344,0.435684647
vel1_6,0.617761929,0.012820513,0.026490066,0.111717933,0.024096386,0.301707417,-0.044328301,-0.703056769,1.030567686
vel1_6,0.647775514,0.025641026,0.026490066,0.157993016,0.047619048,0.310769583,-0.002519046,-0.021834061,1.021834061
vel1_6,0.64832739,0,0.026490066,0,0,0.292645166,-0.095829134,0,1.03930131
vel1_6,0.646968925,0.025641026,0.026490066,0.157993016,0.047619048,0.310769583,-0.002519046,-0.021834061,1.021834061
vel1_6,0.627483444,0.025641026,0.01986755,0.158529497,0.048192771,0.31088095,0.018722512,0.148471616,1.017467249
vel1_6,0.643445407,0.038461538,0.026490066,0.193501136,0.070588235,0.319831662,0.032957771,0.205240175,1.013100437
vel1_6,0.627271184,0.025641026,0.026490066,0.157993016,0.047619048,0.310769583,-0.002519046,-0.021834061,1.021834061
vel1_6,0.635421973,0.012820513,0.026490066,0.111717933,0.024096386,0.301707417,-0.044328301,-0.703056769,1.030567686
vel1_6,0.649855663,0.025641026,0.026490066,0.157993016,0.047619048,0.310769583,-0.002519046,-0.021834061,1.021834061
vel1_6,0.625063678,0,0.039735099,0,0,0.292335221,-0.117891372,0,1.048034934
vel1_6,0.656011207,0.038461538,0.026490066,0.193501136,0.070588235,0.319831662,0.032957771,0.205240175,1.013100437
vel1_6,0.629903209,0.025641026,0.026490066,0.157993016,0.047619048,0.310769583,-0.002519046,-0.021834061,1.021834061
vel1_6,0.656053659,0.025641026,0.026490066,0.157993016,0.047619048,0.310769583,-0.002519046,-0.021834061,1.021834061
vel1_6,0.655416879,0.038461538,0.026490066,0.193501136,0.070588235,0.319831662,0.032957771,0.205240175,1.013100437
vel1_6,0.638775683,0.025641026,0.026490066,0.157993016,0.047619048,0.310769583,-0.002519046,-0.021834061,1.021834061
vel1_6,0.617677025,0.025641026,0.026490066,0.157993016,0.047619048,0.310769583,-0.002519046,-0.021834061,1.021834061
vel1_6,0.611691289,0,0.01986755,0,0,0.292753678,-0.082806654,0,1.034934498
vel1_6,0.612497877,0.012820513,0.026490066,0.111717933,0.024096386,0.301707417,-0.044328301,-0.703056769,1.030567686
vel1_6,0.625148582,0.025641026,0.026490066,0.157993016,0.047619048,0.310769583,-0.002519046,-0.021834061,1.021834061
vel1_6,0.630370182,0.012820513,0.026490066,0.111717933,0.024096386,0.301707417,-0.044328301,-0.703056769,1.030567686
vel1_6,0.650662252,0.012820513,0.026490066,0.111717933,0.024096386,0.301707417,-0.044328301,-0.703056769,1.030567686
vel1_6,0.667685515,0.038461538,0.026490066,0.193501136,0.070588235,0.319831662,0.032957771,0.205240175,1.013100437
vel1_6,0.656223467,0.025641026,0.026490066,0.157993016,0.047619048,0.310769583,-0.002519046,-0.021834061,1.021834061
vel1_6,0.638053999,0.038461538,0.026490066,0.193501136,0.070588235,0.319831662,0.032957771,0.205240175,1.013100437
vel1_6,0.654143318,0.025641026,0.026490066,0.157993016,0.047619048,0.310769583,-0.002519046,-0.021834061,1.021834061
vel1_6,0.650492444,0.038461538,0.026490066,0.193501136,0.070588235,0.319831662,0.032957771,0.205240175,1.013100437
vel1_6,0.652827305,0.025641026,0.026490066,0.157993016,0.047619048,0.310769583,-0.002519046,-0.021834061,1.021834061
vel1_6,0.644379351,0.025641026,0.026490066,0.157993016,0.047619048,0.310769583,-0.002519046,-0.021834061,1.021834061
vel1_6,0.612540329,0.038461538,0.026490066,0.193501136,0.070588235,0.319831662,0.032957771,0.205240175,1.013100437
vel1_6,0.660978095,0.025641026,0.026490066,0.157993016,0.047619048,0.310769583,-0.002519046,-0.021834061,1.021834061
tom6_0,0.77761611,0.142857143,0.019206146,0.374317255,0.213592233,0.393756339,0.206167481,0.787878788,0.261072261
tom6_0,0.796290138,0.090909091,0.015364917,0.29918603,0.145833333,0.357083846,0.146728364,0.756410256,0.266899767
tom6_0,0.791609159,0.246753247,0.030729834,0.489050673,0.316666667,0.466931058,0.282981908,0.796896086,0.252913753
tom6_0,0.795899363,0.194805195,0.026888604,0.435393104,0.265486726,0.43032392,0.239374193,0.784615385,0.258741259
tom6_0,0.793937177,0.194805195,0.026888604,0.435393104,0.265486726,0.43032392,0.239374193,0.784615385,0.258741259
tom6_0,0.801137403,0.12987013,0.020486556,0.356664462,0.194174757,0.384554759,0.182378925,0.766666667,0.264568765
tom6_0,0.80092123,0.12987013,0.020486556,0.356664462,0.194174757,0.384554759,0.182378925,0.766666667,0.264568765
tom6_0,0.784965994,0.142857143,0.025608195,0.373093593,0.203703704,0.393638038,0.179575148,0.747086247,0.266899767
tom6_0,0.798634784,0.142857143,0.019206146,0.374317255,0.213592233,0.393756339,0.206167481,0.787878788,0.261072261
tom6_0,0.800946173,0.168831169,0.028169014,0.40506217,0.232142857,0.411937453,0.203242349,0.758382643,0.264568765
tom6_0,0.790120891,0.116883117,0.017925736,0.338803632,0.18,0.375413432,0.17511039,0.770655271,0.264568765
tom6_0,0.795034671,0.142857143,0.026888604,0.372848379,0.201834862,0.393610326,0.174922651,0.738927739,0.268065268
tom6_0,0.790694581,0.181818182,0.024327785,0.421182797,0.254545455,0.421202398,0.234067444,0.788461538,0.258741259
tom6_0,0.789738431,0.155844156,0.017925736,0.391216736,0.233009709,0.402957112,0.229956036,0.805555556,0.257575758
tom6_0,0.79019572,0.207792208,0.026888604,0.449672064,0.280701754,0.439501925,0.254533915,0.792467949,0.256410256
tom6_0,0.801353576,0.142857143,0.028169014,0.372603003,0.2,0.393581262,0.170453296,0.730769231,0.269230769
tom6_0,0.802193325,0.142857143,0.017925736,0.374561508,0.215686275,0.393775945,0.212300005,0.796037296,0.25990676
tom6_0,0.804396628,0.142857143,0.019206146,0.374317255,0.213592233,0.393756339,0.206167481,0.787878788,0.261072261
tom6_0,0.80321599,0.181818182,0.026888604,0.4206297,0.25,0.42114575,0.223857308,0.775641026,0.261072261
tom6_0,0.794303008,0.168831169,0.016645327,0.407456647,0.252427184,0.412157039,0.253744592,0.820512821,0.254079254
tom6_0,0.79178376,0.155844156,0.028169014,0.389171144,0.216216216,0.402759436,0.187057086,0.745726496,0.266899767
tom6_0,0.791176813,0.220779221,0.026888604,0.463511354,0.295652174,0.448679757,0.269357422,0.799396682,0.254079254
tom6_0,0.793563031,0.168831169,0.032010243,0.404260859,0.226086957,0.411839188,0.19007486,0.737672584,0.268065268
tom6_0,0.800438998,0.194805195,0.017925736,0.437393608,0.283018868,0.430500217,0.279751237,0.826495726,0.250582751
tom6_0,0.794585696,0.155844156,0.025608195,0.389683549,0.220183486,0.402817085,0.196443103,0.760683761,0.264568765
tom6_0,0.80315779,0.220779221,0.033290653,0.46198413,0.283333333,0.448505081,0.245602418,0.773001508,0.25990676
tom6_0,0.798568269,0.168831169,0.023047375,0.406128125,0.240740741,0.412048978,0.223278304,0.785996055,0.25990676
tom6_0,0.782928979,0.155844156,0.023047375,0.390195281,0.224299065,0.402869248,0.206624888,0.775641026,0.262237762
tom6_0,0.799649134,0.181818182,0.021766965,0.421735168,0.259259259,0.421253385,0.245129882,0.801282051,0.256410256
tom6_0,0.797437518,0.220779221,0.023047375,0.464425278,0.303571429,0.448766744,0.285702184,0.815233786,0.250582751
xer1_3,0.684801479,0.31884058,0.106770833,0.533664413,0.333333333,0.512466326,0.220224837,0.563816978,0.450331126
xer1_3,0.685178895,0.289855072,0.0859375,0.514728717,0.327868852,0.494188241,0.22796957,0.596357616,0.441501104
xer1_3,0.706899155,0.31884058,0.083333333,0.540620506,0.357723577,0.514756453,0.261162673,0.626128838,0.430463576
xer1_3,0.698331824,0.31884058,0.096354167,0.536767139,0.34375,0.51355253,0.237530583,0.591511138,0.441501104
xer1_3,0.687481129,0.289855072,0.0703125,0.519109466,0.344827586,0.495396361,0.258700317,0.64205298,0.428256071
xer1_3,0.701143569,0.31884058,0.096354167,0.536767139,0.34375,0.51355253,0.237530583,0.591511138,0.441501104
xer1_3,0.703257095,0.304347826,0.083333333,0.528190787,0.344262295,0.504582806,0.247083065,0.615578682,0.434878587
xer1_3,0.691670441,0.304347826,0.075520833,0.530436824,0.352941176,0.505209467,0.262397616,0.637338379,0.428256071
xer1_3,0.697576993,0.289855072,0.078125,0.516923732,0.336134454,0.494822143,0.242792451,0.619205298,0.434878587
xer1_3,0.704464825,0.304347826,0.0625,0.534159234,0.368421053,0.506118335,0.29053336,0.673604541,0.417218543
xer1_3,0.671101298,0.275362319,0.088541667,0.500980319,0.31147541,0.48379297,0.208856074,0.57511328,0.44812362
xer1_3,0.695199275,0.304347826,0.083333333,0.528190787,0.344262295,0.504582806,0.247083065,0.615578682,0.434878587
xer1_3,0.693029136,0.304347826,0.080729167,0.528940526,0.347107438,0.504798452,0.252071844,0.622831914,0.432671082
xer1_3,0.70555933,0.304347826,0.072916667,0.531183393,0.355932203,0.505404818,0.267746169,0.644591611,0.426048565
xer1_3,0.708163496,0.31884058,0.080729167,0.541387888,0.360655738,0.514976622,0.26619656,0.633052378,0.428256071
xer1_3,0.693482035,0.289855072,0.067708333,0.519836002,0.347826087,0.495574467,0.264273721,0.649668874,0.426048565
xer1_3,0.664251208,0.31884058,0.096354167,0.536767139,0.34375,0.51355253,0.237530583,0.591511138,0.441501104
xer1_3,0.673535628,0.304347826,0.078125,0.529689203,0.35,0.505007342,0.257174833,0.630085147,0.430463576
xer1_3,0.670063406,0.304347826,0.091145833,0.525935157,0.336,0.503895419,0.232751319,0.593818985,0.441501104
xer1_3,0.674252717,0.275362319,0.075520833,0.50454606,0.324786325,0.484828589,0.23330695,0.615196933,0.437086093
xer1_3,0.688519022,0.289855072,0.0859375,0.514728717,0.327868852,0.494188241,0.22796957,0.596357616,0.441501104
xer1_3,0.696557971,0.289855072,0.0703125,0.519109466,0.344827586,0.495396361,0.258700317,0.64205298,0.428256071
xer1_3,0.711711202,0.289855072,0.083333333,0.515461427,0.330578512,0.49440616,0.232799516,0.60397351,0.439293598
xer1_3,0.686443237,0.289855072,0.080729167,0.516193098,0.333333333,0.494617463,0.237738697,0.611589404,0.437086093
xer1_3,0.668516002,0.289855072,0.083333333,0.515461427,0.330578512,0.49440616,0.232799516,0.60397351,0.439293598
xer1_3,0.672950634,0.304347826,0.083333333,0.528190787,0.344262295,0.504582806,0.247083065,0.615578682,0.434878587
xer1_3,0.686613074,0.275362319,0.0703125,0.505965321,0.330434783,0.485197311,0.243934612,0.631230394,0.432671082
xer1_3,0.681178291,0.275362319,0.083333333,0.502409653,0.316666667,0.484226691,0.218302561,0.591146741,0.443708609
xer1_3,0.706314161,0.31884058,0.0703125,0.544446601,0.372881356,0.515788268,0.287525852,0.660746538,0.419426049
xer1_3,0.67381869,0.289855072,0.088541667,0.513994962,0.325203252,0.493963714,0.223243862,0.588741722,0.443708609
luc2_4,0.733982751,0.113300493,0.003003003,0.336095598,0.202643172,0.37300517,0.258699246,0.604802077,1.052238806
luc2_4,0.72854628,0.123152709,0.006006006,0.349875769,0.217391304,0.37996079,0.259812136,0.590970149,1.046641791
luc2_4,0.729885057,0.128078818,0.009009009,0.356265287,0.224137931,0.38342571,0.25531058,0.577568886,1.044776119
luc2_4,0.733731268,0.103448276,0.003003003,0.321150464,0.186666667,0.36603864,0.245587772,0.603233831,1.059701493
luc2_4,0.752392787,0.118226601,0.009009009,0.342288616,0.208695652,0.376459508,0.24222667,0.573927239,1.052238806
luc2_4,0.725269605,0.118226601,0.009009009,0.342288616,0.208695652,0.376459508,0.24222667,0.573927239,1.052238806
luc2_4,0.727577331,0.128078818,0.012012012,0.355725081,0.223175966,0.383400115,0.244930169,0.563002296,1.046641791
luc2_4,0.74486309,0.133004926,0.012012012,0.362501406,0.230769231,0.386883067,0.25142215,0.56516031,1.042910448
luc2_4,0.730447196,0.142857143,0.015015015,0.37511617,0.244725738,0.393815487,0.254420914,0.555970149,1.037313433
luc2_4,0.734293407,0.133004926,0.009009009,0.363051902,0.231759657,0.386908808,0.26166259,0.579187396,1.041044776
luc2_4,0.738834894,0.113300493,0.012012012,0.334573648,0.2,0.372951236,0.224641204,0.555402336,1.057835821
luc2_4,0.731460525,0.133004926,0.012012012,0.362501406,0.230769231,0.386883067,0.25142215,0.56516031,1.042910448
luc2_4,0.727288865,0.108374384,0.003003003,0.328707979,0.194690265,0.369521905,0.252214591,0.604053596,1.055970149
luc2_4,0.733072974,0.123152709,0.009009009,0.349346856,0.216450216,0.37994261,0.248834854,0.575820896,1.048507463
luc2_4,0.727200107,0.123152709,0.012012012,0.348817141,0.215517241,0.379917159,0.238308907,0.560671642,1.050373134
luc2_4,0.720143789,0.128078818,0.009009009,0.356265287,0.224137931,0.38342571,0.25531058,0.577568886,1.044776119
luc2_4,0.739966568,0.137931034,0.009009009,0.36971396,0.239316239,0.390391903,0.26789877,0.580690299,1.037313433
luc2_4,0.726808089,0.123152709,0.012012012,0.348817141,0.215517241,0.379917159,0.238308907,0.560671642,1.050373134
luc2_4,0.72304324,0.123152709,0.009009009,0.349346856,0.216450216,0.37994261,0.248834854,0.575820896,1.048507463
luc2_4,0.740328999,0.137931034,0.024024024,0.366902407,0.234309623,0.390188531,0.220741677,0.513059701,1.046641791
luc2_4,0.7312978,0.088669951,0.006006006,0.296879434,0.161434978,0.355578348,0.211566262,0.579187396,1.072761194
luc2_4,0.732754922,0.128078818,0.018018018,0.354642202,0.221276596,0.383326992,0.225326641,0.533869116,1.050373134
luc2_4,0.741867483,0.128078818,0.009009009,0.356265287,0.224137931,0.38342571,0.25531058,0.577568886,1.044776119
luc2_4,0.746675247,0.113300493,0.015015015,0.33406479,0.199134199,0.372918878,0.214263708,0.538935756,1.059701493
luc2_4,0.730787438,0.137931034,0.009009009,0.36971396,0.239316239,0.390391903,0.26789877,0.580690299,1.037313433
luc2_4,0.715654078,0.098522167,0.012012012,0.311991535,0.176211454,0.362502325,0.202906812,0.545522388,1.069029851
luc2_4,0.734870338,0.118226601,0.012012012,0.341769603,0.207792208,0.376434199,0.231549281,0.558146766,1.054104478
luc2_4,0.741068655,0.128078818,0.006006006,0.356804674,0.225108225,0.383443993,0.266120427,0.592135476,1.042910448
luc2_4,0.736541961,0.108374384,0.009009009,0.327716399,0.192982456,0.369493299,0.22857291,0.569623474,1.059701493
luc2_4,0.724056569,0.123152709,0.012012012,0.348817141,0.215517241,0.379917159,0.238308907,0.560671642,1.050373134
syn1_2,0.743137629,0.453488372,0.131147541,0.627705733,0.523489933,0.602586716,0.354965551,0.483557335,0.758364312
syn1_2,0.744884992,0.406976744,0.120218579,0.598373277,0.48951049,0.572139574,0.327254182,0.479341476,0.780669145
syn1_2,0.74726776,0.453488372,0.131147541,0.627705733,0.523489933,0.602586716,0.354965551,0.483557335,0.758364312
syn1_2,0.745012073,0.38372093,0.109289617,0.584623141,0.474820144,0.557425649,0.321768572,0.486538245,0.788104089
syn1_2,0.734718516,0.418604651,0.12568306,0.604973667,0.496551724,0.579395207,0.330134188,0.476042957,0.776951673
syn1_2,0.752414538,0.453488372,0.142076503,0.623745405,0.516556291,0.600712702,0.339264306,0.46716233,0.765799257
syn1_2,0.739102808,0.441860465,0.12568306,0.621551357,0.517006803,0.595453357,0.352134856,0.486793191,0.762081784
syn1_2,0.741009023,0.441860465,0.142076503,0.61569674,0.506666667,0.592749786,0.328334296,0.461553512,0.773234201
syn1_2,0.73926166,0.465116279,0.142076503,0.631691527,0.526315789,0.608664896,0.350115054,0.472490706,0.758364312
syn1_2,0.744757911,0.441860465,0.120218579,0.62349068,0.520547945,0.596284601,0.36032849,0.495206418,0.758364312
syn1_2,0.728332698,0.441860465,0.147540984,0.61373279,0.503311258,0.591779421,0.320643188,0.453140286,0.776951673
syn1_2,0.752414538,0.453488372,0.131147541,0.627705733,0.523489933,0.602586716,0.354965551,0.483557335,0.758364312
syn1_2,0.742406913,0.453488372,0.147540984,0.621755781,0.513157895,0.599723033,0.331590084,0.458964827,0.769516729
syn1_2,0.743550642,0.5,0.163934426,0.646554551,0.540880503,0.627928437,0.352459589,0.457249071,0.750929368
syn1_2,0.748030245,0.453488372,0.136612022,0.625728702,0.52,0.601667348,0.3470545,0.475359832,0.762081784
syn1_2,0.736084636,0.441860465,0.147540984,0.61373279,0.503311258,0.591779421,0.320643188,0.453140286,0.776951673
syn1_2,0.736307028,0.453488372,0.153005464,0.61975977,0.509803922,0.598698597,0.324027192,0.450767324,0.773234201
syn1_2,0.740405388,0.430232558,0.12568306,0.613318525,0.506849315,0.587428085,0.341180256,0.481563348,0.769516729
syn1_2,0.74872919,0.453488372,0.142076503,0.623745405,0.516556291,0.600712702,0.339264306,0.46716233,0.765799257
syn1_2,0.731096709,0.430232558,0.136612022,0.60947323,0.5,0.585694688,0.325147321,0.464282126,0.776951673
syn1_2,0.750857796,0.441860465,0.120218579,0.62349068,0.520547945,0.596284601,0.36032849,0.495206418,0.758364312
syn1_2,0.738372093,0.453488372,0.131147541,0.627705733,0.523489933,0.602586716,0.354965551,0.483557335,0.758364312
syn1_2,0.745329775,0.441860465,0.136612022,0.617654445,0.510067114,0.593685722,0.33614321,0.469966738,0.769516729
syn1_2,0.749586987,0.418604651,0.142076503,0.599275201,0.486486486,0.576794208,0.30621968,0.449401074,0.788104089
syn1_2,0.74326471,0.441860465,0.12568306,0.621551357,0.517006803,0.595453357,0.352134856,0.486793191,0.762081784
syn1_2,0.742883467,0.476744186,0.147540984,0.637498925,0.532467532,0.615575112,0.353253389,0.469761538,0.75464684
syn1_2,0.750794256,0.465116279,0.131147541,0.635702307,0.533333333,0.610577176,0.365774705,0.488475836,0.750929368
syn1_2,0.741040793,0.441860465,0.147540984,0.61373279,0.503311258,0.591779421,0.320643188,0.453140286,0.776951673
syn1_2,0.74736307,0.441860465,0.142076503,0.61569674,0.506666667,0.592749786,0.328334296,0.461553512,0.773234201
syn1_2,0.740278307,0.476744186,0.136612022,0.641572442,0.539473684,0.617600019,0.368640024,0.485356787,0.747211896
jira_act,0.757370276,0,0,0,0,0.292893219,0,0,0.46656051
jira_act,0.756117495,0,0,0,0,0.292893219,0,0,0.46656051
jira_act,0.76945296,0,0,0,0,0.292893219,0,0,0.46656051
jira_act,0.781850983,0,0,0,0,0.292893219,0,0,0.46656051
jira_act,0.769086135,0,0,0,0,0.292893219,0,0,0.46656051
jira_act,0.786357991,0,0,0,0,0.292893219,0,0,0.46656051
jira_act,0.768387881,0,0,0,0,0.292893219,0,0,0.46656051
jira_act,0.784754474,0,0,0,0,0.292893219,0,0,0.46656051
jira_act,0.76800175,0,0,0,0,0.292893219,0,0,0.46656051
jira_act,0.768209832,0,0,0,0,0.292893219,0,0,0.46656051
jira_act,0.769765082,0,0,0,0,0.292893219,0,0,0.46656051
jira_act,0.797464621,0,0,0,0,0.292893219,0,0,0.46656051
jira_act,0.772104393,0,0,0,0,0.292893219,0,0,0.46656051
jira_act,0.775494838,0,0,0,0,0.292893219,0,0,0.46656051
jira_act,0.777444799,0,0,0,0,0.292893219,0,0,0.46656051
jira_act,0.793901489,0,0,0,0,0.292893219,0,0,0.46656051
jira_act,0.771508035,0,0,0,0,0.292893219,0,0,0.46656051
jira_act,0.753055262,0,0,0,0,0.292893219,0,0,0.46656051
jira_act,0.756400658,0,0,0,0,0.292893219,0,0,0.46656051
jira_act,0.76815084,0,0,0,0,0.292893219,0,0,0.46656051
jira_act,0.763989205,0,0,0,0,0.292893219,0,0,0.46656051
jira_act,0.75017215,0,0,0,0,0.292893219,0,0,0.46656051
jira_act,0.776503069,0,0,0,0,0.292893219,0,0,0.46656051
jira_act,0.771998207,0,0,0,0,0.292893219,0,0,0.46656051
jira_act,0.769657824,0,0,0,0,0.292893219,0,0,0.46656051
jira_act,0.755597291,0,0,0,0,0.292893219,0,0,0.46656051
jira_act,0.768884489,0,0,0,0,0.292893219,0,0,0.46656051
jira_act,0.761634879,0,0,0,0,0.292893219,0,0,0.46656051
jira_act,0.762014574,0,0,0,0,0.292893219,0,0,0.46656051
jira_act,0.789925412,0,0,0,0,0.292893219,0,0,0.46656051
jira_der,0.764470509,0.010443864,0.000430663,0.102173218,0.020618557,0.30027808,0.081271176,0.823012939,0.422181146
jira_der,0.758848274,0.007832898,0,0.088503662,0.015544041,0.298431914,0.082044538,0.858410351,0.422550832
jira_der,0.741973697,0.007832898,0,0.088503662,0.015544041,0.298431914,0.082044538,0.858410351,0.422550832
jira_der,0.749488939,0.007832898,0,0.088503662,0.015544041,0.298431914,0.082044538,0.858410351,0.422550832
jira_der,0.737866092,0.018276762,0.000430663,0.135162463,0.035805627,0.305816775,0.114574595,0.838183259,0.419963031
jira_der,0.759350902,0.010443864,0.000430663,0.102173218,0.020618557,0.30027808,0.081271176,0.823012939,0.422181146
jira_der,0.755154465,0.010443864,0,0.102195226,0.020671835,0.300278146,0.094754408,0.858410351,0.42181146
jira_der,0.76598795,0.007832898,0,0.088503662,0.015544041,0.298431914,0.082044538,0.858410351,0.422550832
jira_der,0.761933757,0.01305483,0,0.114257736,0.025773196,0.302124378,0.105958266,0.858410351,0.421072089
jira_der,0.758286613,0.007832898,0,0.088503662,0.015544041,0.298431914,0.082044538,0.858410351,0.422550832
jira_der,0.74988868,0.007832898,0,0.088503662,0.015544041,0.298431914,0.082044538,0.858410351,0.422550832
jira_der,0.755460877,0.015665796,0.000430663,0.125136125,0.030769231,0.303970543,0.10454584,0.834812076,0.420702403
jira_der,0.752646386,0.005221932,0,0.072262937,0.01038961,0.296585682,0.066976692,0.858410351,0.423290203
jira_der,0.75164619,0.015665796,0.000430663,0.125136125,0.030769231,0.303970543,0.10454584,0.834812076,0.420702403
jira_der,0.757713707,0.007832898,0,0.088503662,0.015544041,0.298431914,0.082044538,0.858410351,0.422550832
jira_der,0.751198098,0.007832898,0.000430663,0.088484602,0.015503876,0.298431848,0.067158513,0.811213802,0.422920518
jira_der,0.768353787,0.01305483,0,0.114257736,0.025773196,0.302124378,0.105958266,0.858410351,0.421072089
jira_der,0.748200322,0.010443864,0.000430663,0.102173218,0.020618557,0.30027808,0.081271176,0.823012939,0.422181146
jira_der,0.74548141,0.015665796,0,0.125163079,0.030848329,0.30397061,0.116092965,0.858410351,0.420332717
jira_der,0.749282041,0.005221932,0,0.072262937,0.01038961,0.296585682,0.066976692,0.858410351,0.423290203
jira_der,0.740488865,0.005221932,0,0.072262937,0.01038961,0.296585682,0.066976692,0.858410351,0.423290203
jira_der,0.76194725,0.007832898,0,0.088503662,0.015544041,0.298431914,0.082044538,0.858410351,0.422550832
jira_der,0.74686223,0.005221932,0,0.072262937,0.01038961,0.296585682,0.066976692,0.858410351,0.423290203
jira_der,0.755418148,0.005221932,0,0.072262937,0.01038961,0.296585682,0.066976692,0.858410351,0.423290203
jira_der,0.763001419,0.010443864,0,0.102195226,0.020671835,0.300278146,0.094754408,0.858410351,0.42181146
jira_der,0.75201276,0.005221932,0,0.072262937,0.01038961,0.296585682,0.066976692,0.858410351,0.423290203
jira_der,0.75322885,0.007832898,0,0.088503662,0.015544041,0.298431914,0.082044538,0.858410351,0.422550832
jira_der,0.747399716,0.007832898,0,0.088503662,0.015544041,0.298431914,0.082044538,0.858410351,0.422550832
jira_der,0.761803321,0.007832898,0,0.088503662,0.015544041,0.298431914,0.082044538,0.858410351,0.422550832
jira_der,0.746642963,0.007832898,0,0.088503662,0.015544041,0.298431914,0.082044538,0.858410351,0.422550832
jira_gro,0.782413924,0.142857143,0.011984021,0.37569288,0.224719101,0.393849237,0.243083491,0.838002436,0.242387333
jira_gro,0.798459197,0.157142857,0.011984021,0.394030016,0.244444444,0.403949759,0.262954864,0.844978408,0.239951279
jira_gro,0.790498383,0.171428571,0.013315579,0.411273511,0.260869565,0.414035873,0.273433559,0.843686561,0.238733252
jira_gro,0.813030245,0.171428571,0.013315579,0.411273511,0.260869565,0.414035873,0.273433559,0.843686561,0.238733252
jira_gro,0.76956439,0.157142857,0.013315579,0.393764408,0.241758242,0.403935629,0.254422554,0.837227328,0.241169306
jira_gro,0.828010272,0.142857143,0.013315579,0.375439632,0.222222222,0.393835343,0.234664215,0.829476248,0.243605359
jira_gro,0.813781625,0.157142857,0.013315579,0.393764408,0.241758242,0.403935629,0.254422554,0.837227328,0.241169306
jira_gro,0.806248811,0.157142857,0.013315579,0.393764408,0.241758242,0.403935629,0.254422554,0.837227328,0.241169306
jira_gro,0.809691839,0.171428571,0.014647137,0.410995905,0.258064516,0.414019987,0.265337271,0.836581405,0.239951279
jira_gro,0.796537949,0.185714286,0.013315579,0.428067042,0.279569892,0.424136071,0.291767979,0.849152066,0.236297199
jira_gro,0.823150086,0.157142857,0.011984021,0.394030016,0.244444444,0.403949759,0.262954864,0.844978408,0.239951279
jira_gro,0.82436751,0.157142857,0.015978695,0.393232653,0.23655914,0.40390291,0.238906562,0.821725169,0.243605359
jira_gro,0.767757276,0.142857143,0.011984021,0.37569288,0.224719101,0.393849237,0.243083491,0.838002436,0.242387333
jira_gro,0.757561347,0.157142857,0.011984021,0.394030016,0.244444444,0.403949759,0.262954864,0.844978408,0.239951279
jira_gro,0.783013125,0.142857143,0.013315579,0.375439632,0.222222222,0.393835343,0.234664215,0.829476248,0.243605359
jira_gro,0.775946357,0.157142857,0.013315579,0.393764408,0.241758242,0.403935629,0.254422554,0.837227328,0.241169306
jira_gro,0.816577896,0.157142857,0.013315579,0.393764408,0.241758242,0.403935629,0.254422554,0.837227328,0.241169306
jira_gro,0.808236637,0.157142857,0.014647137,0.39349862,0.239130435,0.403920013,0.246425745,0.829476248,0.242387333
jira_gro,0.794759368,0.142857143,0.013315579,0.375439632,0.222222222,0.393835343,0.234664215,0.829476248,0.243605359
jira_gro,0.817015408,0.171428571,0.013315579,0.411273511,0.260869565,0.414035873,0.273433559,0.843686561,0.238733252
jira_gro,0.800817957,0.2,0.013315579,0.444226163,0.29787234,0.434236222,0.309486909,0.853836784,0.233861145
jira_gro,0.828628495,0.185714286,0.013315579,0.428067042,0.279569892,0.424136071,0.291767979,0.849152066,0.236297199
jira_gro,0.790593494,0.157142857,0.013315579,0.393764408,0.241758242,0.403935629,0.254422554,0.837227328,0.241169306
jira_gro,0.787626022,0.171428571,0.013315579,0.411273511,0.260869565,0.414035873,0.273433559,0.843686561,0.238733252
jira_gro,0.812250333,0.142857143,0.011984021,0.37569288,0.224719101,0.393849237,0.243083491,0.838002436,0.242387333
jira_gro,0.801160358,0.157142857,0.014647137,0.39349862,0.239130435,0.403920013,0.246425745,0.829476248,0.242387333
jira_gro,0.810233974,0.142857143,0.013315579,0.375439632,0.222222222,0.393835343,0.234664215,0.829476248,0.243605359
jira_gro,0.788358379,0.157142857,0.013315579,0.393764408,0.241758242,0.403935629,0.254422554,0.837227328,0.241169306
jira_gro,0.827696405,0.157142857,0.013315579,0.393764408,0.241758242,0.403935629,0.254422554,0.837227328,0.241169306
jira_gro,0.803424006,0.157142857,0.013315579,0.393764408,0.241758242,0.403935629,0.254422554,0.837227328,0.241169306
jira_hba,0.769638591,0.325688073,0.091557669,0.543938262,0.387978142,0.518814287,0.273019718,0.570894679,0.55618508
jira_hba,0.769611319,0.348623853,0.090368609,0.563133377,0.410810811,0.534996038,0.297817324,0.58829084,0.545797923
jira_hba,0.761386074,0.344036697,0.101070155,0.556115865,0.396825397,0.530690384,0.274304468,0.560843563,0.55618508
jira_hba,0.760224285,0.325688073,0.105826397,0.539649588,0.375661376,0.517353234,0.248219526,0.536102355,0.567516525
jira_hba,0.756782555,0.325688073,0.098692033,0.541798168,0.38172043,0.518109612,0.260351375,0.553498517,0.561850803
jira_hba,0.759815205,0.339449541,0.090368609,0.555674328,0.402173913,0.528569521,0.288827909,0.582727203,0.549575071
jira_hba,0.762626951,0.339449541,0.099881094,0.552761205,0.393617021,0.527610785,0.271872277,0.560472654,0.557129367
jira_hba,0.758716142,0.348623853,0.107015458,0.557956729,0.395833333,0.533232824,0.268694324,0.55037026,0.559017941
jira_hba,0.768561346,0.316513761,0.102259215,0.533054699,0.36997319,0.511323018,0.245079072,0.537573045,0.568460812
jira_hba,0.762485137,0.339449541,0.086801427,0.556762819,0.405479452,0.528904789,0.295451514,0.591072659,0.54674221
jira_hba,0.762711495,0.334862385,0.085612366,0.553348014,0.402203857,0.525796708,0.293159752,0.591110766,0.547686497
jira_hba,0.763218754,0.353211009,0.084423306,0.568675451,0.420765027,0.53877159,0.313433632,0.604331457,0.539187913
jira_hba,0.770904013,0.344036697,0.091557669,0.559050534,0.405405405,0.5316675,0.29115625,0.582801385,0.548630784
jira_hba,0.761961514,0.344036697,0.079667063,0.562697347,0.416666667,0.53275558,0.313695996,0.610248662,0.539187913
jira_hba,0.768585891,0.339449541,0.089179548,0.556037395,0.403269755,0.52868275,0.291018901,0.585509022,0.548630784
jira_hba,0.760205195,0.325688073,0.090368609,0.544294126,0.389041096,0.51892669,0.275187061,0.573794039,0.555240793
jira_hba,0.758165247,0.344036697,0.080856124,0.56233373,0.415512465,0.532653465,0.311361075,0.607503935,0.5401322
jira_hba,0.759657027,0.325688073,0.09274673,0.543582164,0.386920981,0.518700441,0.270868804,0.567995318,0.557129367
jira_hba,0.773560309,0.348623853,0.107015458,0.557956729,0.395833333,0.533232824,0.268694324,0.55037026,0.559017941
jira_hba,0.771523089,0.334862385,0.098692033,0.549376133,0.390374332,0.524527517,0.269429687,0.560091583,0.558073654
jira_hba,0.768629526,0.339449541,0.095124851,0.55421968,0.397849462,0.528101893,0.280226338,0.571599929,0.553352219
jira_hba,0.769794042,0.348623853,0.079667063,0.566436241,0.421052632,0.535975364,0.318194744,0.612668356,0.537299339
jira_hba,0.752571753,0.330275229,0.09274673,0.547396823,0.391304348,0.521913593,0.275432002,0.571136292,0.555240793
jira_hba,0.768114084,0.344036697,0.076099881,0.563786791,0.420168067,0.533052976,0.320816963,0.618482845,0.536355052
jira_hba,0.776303876,0.357798165,0.089179548,0.570867661,0.420485175,0.541537249,0.308924633,0.596208324,0.541076487
jira_hba,0.76411055,0.334862385,0.085612366,0.553348014,0.402203857,0.525796708,0.293159752,0.591110766,0.547686497
jira_hba,0.769774951,0.321100917,0.080856124,0.543265996,0.393258427,0.516553169,0.288543218,0.5941724,0.549575071
jira_hba,0.768010451,0.330275229,0.082045184,0.55061578,0.401114206,0.522892737,0.295426666,0.596868115,0.54674221
jira_hba,0.764154185,0.325688073,0.083234245,0.546424444,0.395543175,0.519570758,0.288552203,0.591190201,0.549575071
jira_hba,0.768864065,0.330275229,0.102259215,0.544519553,0.382978723,0.520944567,0.258762093,0.548263561,0.56279509
jira_hiv,0.748394612,0.113074205,0.005295675,0.335373524,0.199376947,0.372837577,0.266700617,0.762667726,0.558615819
jira_hiv,0.765182963,0.09540636,0.004413063,0.308196895,0.171428571,0.360348092,0.244835587,0.763130362,0.564971751
jira_hiv,0.762666114,0.113074205,0.009708738,0.334628745,0.196319018,0.372811183,0.240887435,0.731439795,0.562146893
jira_hiv,0.754983018,0.098939929,0.0070609,0.313434721,0.175548589,0.362834752,0.233417695,0.743038741,0.565677966
jira_hiv,0.772077009,0.137809187,0.009708738,0.369420132,0.234234234,0.390300378,0.277554629,0.743770824,0.552259887
jira_hiv,0.757803948,0.137809187,0.0070609,0.36991368,0.236363636,0.390318586,0.291872735,0.759144575,0.550141243
jira_hiv,0.753557739,0.130742049,0.0070609,0.36030389,0.225609756,0.385321531,0.28195948,0.756928539,0.552966102
jira_hiv,0.743159753,0.102473498,0.005295675,0.319266083,0.182389937,0.365341877,0.250290564,0.758791155,0.562853107
jira_hiv,0.753418954,0.116607774,0.006178288,0.340422293,0.204334365,0.37533209,0.266534856,0.757746961,0.557909605
jira_hiv,0.760077533,0.113074205,0.0070609,0.335075811,0.198142415,0.372828882,0.25587587,0.750176554,0.560028249
jira_hiv,0.747343586,0.134275618,0.005295675,0.365464825,0.232415902,0.387828966,0.297253488,0.768584597,0.550141243
jira_hiv,0.761084896,0.102473498,0.005295675,0.319266083,0.182389937,0.365341877,0.250290564,0.758791155,0.562853107
jira_hiv,0.731425372,0.116607774,0.004413063,0.340724488,0.205607477,0.375339572,0.277628566,0.769859613,0.556497175
jira_hiv,0.75187984,0.123674912,0.006178288,0.350586384,0.215384615,0.380329188,0.276959043,0.760169492,0.555084746
jira_hiv,0.759580089,0.127208481,0.00353045,0.356032832,0.222910217,0.382838149,0.298511812,0.777934714,0.551553672
jira_hiv,0.756854282,0.098939929,0.004413063,0.313852356,0.17721519,0.362846672,0.250550558,0.764452179,0.563559322
jira_hiv,0.753082127,0.113074205,0.005295675,0.335373524,0.199376947,0.372837577,0.266700617,0.762667726,0.558615819
jira_hiv,0.759595682,0.106007067,0.0070609,0.324435759,0.186915888,0.367831818,0.244844718,0.746845574,0.562853107
jira_hiv,0.76051728,0.120141343,0.01059135,0.34477367,0.20668693,0.377800903,0.247104882,0.729602858,0.560028249
jira_hiv,0.731110376,0.106007067,0.006178288,0.324579921,0.1875,0.367836439,0.250253949,0.753507533,0.562146893
jira_hiv,0.762129685,0.130742049,0.007943513,0.360143719,0.224924012,0.385316145,0.276988772,0.751526951,0.553672316
jira_hiv,0.751864246,0.130742049,0.0070609,0.36030389,0.225609756,0.385321531,0.28195948,0.756928539,0.552966102
jira_hiv,0.765759936,0.120141343,0.004413063,0.345848452,0.211180124,0.377838151,0.28277981,0.770750249,0.555084746
jira_hiv,0.761114524,0.116607774,0.006178288,0.340422293,0.204334365,0.37533209,0.266534856,0.757746961,0.557909605
jira_hiv,0.733850218,0.113074205,0.004413063,0.335522282,0.2,0.372840993,0.272395196,0.768913312,0.557909605
jira_hiv,0.742961711,0.109540636,0.006178288,0.329945242,0.193146417,0.37033499,0.255772668,0.755011846,0.560734463
jira_hiv,0.737890587,0.130742049,0.007943513,0.360143719,0.224924012,0.385316145,0.276988772,0.751526951,0.553672316
jira_hiv,0.783873765,0.120141343,0.008826125,0.345081092,0.20795107,0.377814675,0.256542497,0.741359256,0.558615819
jira_hiv,0.712800065,0.134275618,0.007943513,0.364978079,0.23030303,0.38781465,0.28201438,0.752806274,0.552259887
jira_hiv,0.760046345,0.130742049,0.007943513,0.360143719,0.224924012,0.385316145,0.276988772,0.751526951,0.553672316
jira_wic,0.773566819,0.261538462,0.025719535,0.504788881,0.330097087,0.477512231,0.303444374,0.835174002,0.206466251
jira_wic,0.774292242,0.246153846,0.025107165,0.489871025,0.315270936,0.466654712,0.289963935,0.831785309,0.208167896
jira_wic,0.72392953,0.261538462,0.028781384,0.503995062,0.322274882,0.477432391,0.290544166,0.824330186,0.209302326
jira_wic,0.74636111,0.246153846,0.022045315,0.490639692,0.323232323,0.46672239,0.304147219,0.843306863,0.205331821
jira_wic,0.795197607,0.292307692,0.026331904,0.533489151,0.360189573,0.499239692,0.332010155,0.842821745,0.202495746
jira_wic,0.731668943,0.230769231,0.022657685,0.47491108,0.304568528,0.455835803,0.284453065,0.835318586,0.208167896
jira_wic,0.731697207,0.253846154,0.022657685,0.498090943,0.33,0.472146359,0.309423602,0.843586174,0.204764606
jira_wic,0.761481935,0.253846154,0.025107165,0.497466377,0.323529412,0.472090949,0.298108446,0.834648241,0.207033466
jira_wic,0.739771068,0.215384615,0.017758726,0.459956149,0.299465241,0.44505105,0.291999202,0.849890609,0.205899036
jira_wic,0.765090207,0.253846154,0.024494795,0.497622592,0.325123153,0.472105334,0.30085782,0.836882724,0.206466251
jira_wic,0.725302652,0.261538462,0.018371096,0.506688971,0.350515464,0.47766728,0.33976871,0.861199159,0.199659671
jira_wic,0.769732441,0.253846154,0.027556644,0.496841027,0.317307692,0.472029863,0.2875954,0.825710308,0.209302326
jira_wic,0.748622168,0.246153846,0.025107165,0.489871025,0.315270936,0.466654712,0.289963935,0.831785309,0.208167896
jira_wic,0.740682557,0.253846154,0.020820576,0.498558854,0.335025381,0.47218419,0.318506308,0.850289623,0.203062961
jira_wic,0.773649253,0.238461538,0.021432945,0.483063769,0.316326531,0.461297763,0.29879191,0.843009533,0.205899036
jira_wic,0.758297612,0.238461538,0.021432945,0.483063769,0.316326531,0.461297763,0.29879191,0.843009533,0.205899036
jira_wic,0.776499129,0.261538462,0.026331904,0.504630217,0.328502415,0.477496979,0.30077383,0.833005238,0.207033466
jira_wic,0.737959866,0.246153846,0.025107165,0.489871025,0.315270936,0.466654712,0.289963935,0.831785309,0.208167896
jira_wic,0.7322978,0.246153846,0.020820576,0.490946821,0.326530612,0.466747002,0.31022529,0.847915485,0.204197391
jira_wic,0.785138254,0.261538462,0.023270055,0.505423038,0.336633663,0.477569651,0.314624962,0.843849054,0.204197391
jira_wic,0.758297612,0.269230769,0.027556644,0.511675359,0.333333333,0.482900862,0.303464485,0.831456122,0.207033466
jira_wic,0.742105139,0.292307692,0.031843233,0.531977133,0.345454545,0.49907965,0.30927443,0.825357495,0.207600681
jira_wic,0.763644072,0.292307692,0.027556644,0.533153518,0.356807512,0.499206744,0.326669637,0.838940801,0.203630176
jira_wic,0.801439069,0.3,0.027556644,0.54012314,0.364485981,0.504641863,0.334253527,0.841179807,0.202495746
jira_wic,0.748565641,0.253846154,0.020820576,0.498558854,0.335025381,0.47218419,0.318506308,0.850289623,0.203062961
jira_wic,0.767589147,0.269230769,0.028169014,0.511514226,0.331753555,0.482884364,0.300910663,0.829349323,0.207600681
jira_wic,0.7564817,0.292307692,0.022045315,0.534662208,0.37254902,0.499343232,0.352224593,0.856405051,0.198525241
jira_wic,0.769063545,0.246153846,0.021432945,0.490793281,0.324873096,0.466734871,0.307155227,0.845611174,0.204764606
jira_wic,0.741382072,0.261538462,0.022045315,0.505739818,0.34,0.47759621,0.320538617,0.84818658,0.203062961
jira_wic,0.763177729,0.292307692,0.030006124,0.532481616,0.350230415,0.499136361,0.316496581,0.831178912,0.205899036
jira_jru,0.86637931,0.08045977,0.00931677,0.282329851,0.14,0.349753494,0.174301384,0.778972054,0.346101231
jira_jru,0.876374313,0.149425287,0.007763975,0.385052143,0.247619048,0.398527797,0.295987113,0.835209934,0.328317373
jira_jru,0.879497751,0.183908046,0.004658385,0.427844985,0.301886792,0.422926444,0.364790992,0.858669631,0.317373461
jira_jru,0.873679232,0.16091954,0.004658385,0.400212337,0.269230769,0.406671373,0.335722172,0.855481728,0.322845417
jira_jru,0.869600914,0.172413793,0.010869565,0.412964563,0.275229358,0.414757709,0.306167824,0.825444596,0.325581395
jira_jru,0.876418933,0.114942529,0.004658385,0.33824116,0.2,0.374161192,0.270197755,0.845280438,0.33378933
jira_jru,0.871135861,0.16091954,0.00931677,0.399274705,0.261682243,0.406643943,0.300926129,0.829978503,0.326949384
jira_jru,0.876481402,0.149425287,0.00931677,0.384750733,0.245283019,0.398516773,0.285134849,0.82605493,0.329685363
jira_jru,0.872804669,0.137931034,0.00621118,0.370235493,0.233009709,0.390409367,0.291501497,0.841313269,0.329685363
jira_jru,0.868101663,0.206896552,0.01242236,0.452024787,0.318584071,0.439122386,0.340003433,0.828089375,0.31874145
jira_jru,0.876981152,0.183908046,0.01242236,0.426173056,0.288288288,0.422868996,0.311612669,0.821477428,0.324213406
jira_jru,0.868565717,0.137931034,0.00621118,0.370235493,0.233009709,0.390409367,0.291501497,0.841313269,0.329685363
jira_jru,0.864166131,0.149425287,0.010869565,0.384449086,0.242990654,0.398503745,0.275028201,0.816899926,0.331053352
jira_jru,0.870921682,0.195402299,0.00931677,0.439979296,0.309090909,0.431025368,0.345171249,0.838979641,0.31874145
jira_jru,0.880764975,0.172413793,0.007763975,0.413612351,0.280373832,0.41478243,0.326824057,0.841313269,0.322845417
jira_jru,0.868431856,0.16091954,0.007763975,0.399587493,0.264150943,0.406655118,0.311686897,0.838479578,0.325581395
jira_jru,0.865718926,0.126436782,0.00621118,0.354473497,0.215686275,0.382281911,0.274598005,0.837706753,0.332421341
jira_jru,0.87519633,0.172413793,0.01242236,0.412640287,0.272727273,0.41474226,0.296769142,0.81751026,0.326949384
jira_jru,0.874116513,0.137931034,0.00931677,0.369656547,0.228571429,0.39038959,0.268726614,0.821477428,0.332421341
jira_jru,0.871385736,0.114942529,0.01242236,0.336919384,0.19047619,0.374108219,0.214205616,0.785772914,0.340629275
jira_jru,0.876115514,0.16091954,0.00931677,0.399274705,0.261682243,0.406643943,0.300926129,0.829978503,0.326949384
jira_jru,0.877079317,0.172413793,0.013975155,0.412315757,0.27027027,0.414724751,0.28790442,0.809575923,0.328317373
jira_jru,0.879149711,0.137931034,0.010869565,0.369366734,0.226415094,0.390376736,0.258582801,0.811559508,0.33378933
jira_jru,0.87454487,0.16091954,0.007763975,0.399587493,0.264150943,0.406655118,0.311686897,0.838479578,0.325581395
jira_jru,0.88155922,0.206896552,0.013975155,0.451669282,0.315789474,0.439104116,0.331218621,0.821477428,0.320109439
jira_jru,0.869850789,0.172413793,0.01242236,0.412640287,0.272727273,0.41474226,0.296769142,0.81751026,0.326949384
jira_jru,0.861221175,0.172413793,0.01242236,0.412640287,0.272727273,0.41474226,0.296769142,0.81751026,0.326949384
jira_jru,0.872376312,0.137931034,0.004658385,0.370524626,0.235294118,0.390416289,0.304397759,0.85123119,0.328317373
jira_jru,0.874116513,0.16091954,0.007763975,0.399587493,0.264150943,0.406655118,0.311686897,0.838479578,0.325581395
jira_jru,0.864692654,0.149425287,0.00931677,0.384750733,0.245283019,0.398516773,0.285134849,0.82605493,0.329685363
AEEEM_EQ,0.82997416,0.093023256,0,0.304997141,0.170212766,0.358670594,0.241121411,0.601851852,1.12037037
AEEEM_EQ,0.803975353,0.108527132,0,0.329434564,0.195804196,0.36963349,0.261279672,0.601851852,1.108024691
AEEEM_EQ,0.813714967,0.100775194,0,0.317451089,0.183098592,0.364152042,0.251370282,0.601851852,1.114197531
AEEEM_EQ,0.799801232,0.085271318,0,0.29201253,0.157142857,0.353189146,0.2304871,0.601851852,1.12654321
AEEEM_EQ,0.806161797,0.07751938,0,0.278423023,0.143884892,0.347707698,0.219410611,0.601851852,1.132716049
AEEEM_EQ,0.817312661,0.07751938,0,0.278423023,0.143884892,0.347707698,0.219410611,0.601851852,1.132716049
AEEEM_EQ,0.779646194,0.108527132,0,0.329434564,0.195804196,0.36963349,0.261279672,0.601851852,1.108024691
AEEEM_EQ,0.807910952,0.07751938,0,0.278423023,0.143884892,0.347707698,0.219410611,0.601851852,1.132716049
AEEEM_EQ,0.788630491,0.093023256,0,0.304997141,0.170212766,0.358670594,0.241121411,0.601851852,1.12037037
AEEEM_EQ,0.830471079,0.062015504,0,0.249029123,0.116788321,0.336744802,0.195624796,0.601851852,1.145061728
AEEEM_EQ,0.782289803,0.085271318,0,0.29201253,0.157142857,0.353189146,0.2304871,0.601851852,1.12654321
AEEEM_EQ,0.791572252,0.093023256,0,0.304997141,0.170212766,0.358670594,0.241121411,0.601851852,1.12037037
AEEEM_EQ,0.797058239,0.07751938,0,0.278423023,0.143884892,0.347707698,0.219410611,0.601851852,1.132716049
AEEEM_EQ,0.788988273,0.100775194,0,0.317451089,0.183098592,0.364152042,0.251370282,0.601851852,1.114197531
AEEEM_EQ,0.81160803,0.085271318,0,0.29201253,0.157142857,0.353189146,0.2304871,0.601851852,1.12654321
AEEEM_EQ,0.813178295,0.07751938,0,0.278423023,0.143884892,0.347707698,0.219410611,0.601851852,1.132716049
AEEEM_EQ,0.803140529,0.085271318,0,0.29201253,0.157142857,0.353189146,0.2304871,0.601851852,1.12654321
AEEEM_EQ,0.781673624,0.093023256,0,0.304997141,0.170212766,0.358670594,0.241121411,0.601851852,1.12037037
AEEEM_EQ,0.799483204,0.093023256,0,0.304997141,0.170212766,0.358670594,0.241121411,0.601851852,1.12037037
AEEEM_EQ,0.80952097,0.085271318,0,0.29201253,0.157142857,0.353189146,0.2304871,0.601851852,1.12654321
AEEEM_EQ,0.797396144,0.07751938,0,0.278423023,0.143884892,0.347707698,0.219410611,0.601851852,1.132716049
AEEEM_EQ,0.820492944,0.093023256,0,0.304997141,0.170212766,0.358670594,0.241121411,0.601851852,1.12037037
AEEEM_EQ,0.804034983,0.085271318,0,0.29201253,0.157142857,0.353189146,0.2304871,0.601851852,1.12654321
AEEEM_EQ,0.788729875,0.07751938,0,0.278423023,0.143884892,0.347707698,0.219410611,0.601851852,1.132716049
AEEEM_EQ,0.784853906,0.085271318,0,0.29201253,0.157142857,0.353189146,0.2304871,0.601851852,1.12654321
AEEEM_EQ,0.80467104,0.07751938,0,0.278423023,0.143884892,0.347707698,0.219410611,0.601851852,1.132716049
AEEEM_EQ,0.799105546,0.100775194,0,0.317451089,0.183098592,0.364152042,0.251370282,0.601851852,1.114197531
AEEEM_EQ,0.810991851,0.093023256,0,0.304997141,0.170212766,0.358670594,0.241121411,0.601851852,1.12037037
AEEEM_EQ,0.797257007,0.07751938,0,0.278423023,0.143884892,0.347707698,0.219410611,0.601851852,1.132716049
AEEEM_EQ,0.825501888,0.100775194,0,0.317451089,0.183098592,0.364152042,0.251370282,0.601851852,1.114197531
AEEEM_JDT,0.803956525,0.223300971,0.012642225,0.469550796,0.351145038,0.450718102,0.370435433,0.74846278,0.537612839
AEEEM_JDT,0.805334283,0.22815534,0.011378003,0.474930929,0.358778626,0.45416411,0.381194744,0.753814635,0.534603811
AEEEM_JDT,0.808421195,0.233009709,0.011378003,0.479956794,0.365019011,0.457596292,0.386502571,0.754638917,0.532597793
AEEEM_JDT,0.815868447,0.281553398,0.016434893,0.526237682,0.418772563,0.491848632,0.417375764,0.747068793,0.516549649
AEEEM_JDT,0.802093945,0.242718447,0.016434893,0.488599422,0.371747212,0.464394988,0.376557351,0.739658977,0.532597793
AEEEM_JDT,0.803103482,0.257281553,0.011378003,0.504335407,0.395522388,0.474757128,0.412273103,0.758293749,0.522567703
AEEEM_JDT,0.816120064,0.276699029,0.012642225,0.522686271,0.417582418,0.488470861,0.427012255,0.757131042,0.51554664
AEEEM_JDT,0.81866692,0.218446602,0.008849558,0.465310054,0.348837209,0.447322866,0.381671235,0.761239273,0.536609829
AEEEM_JDT,0.806380641,0.286407767,0.01517067,0.531095819,0.42599278,0.495300077,0.427008256,0.751355762,0.513540622
AEEEM_JDT,0.800912572,0.252427184,0.011378003,0.499554869,0.389513109,0.471324971,0.407215848,0.757619011,0.524573721
AEEEM_JDT,0.813695948,0.266990291,0.016434893,0.512447397,0.401459854,0.4815536,0.40240494,0.744542719,0.522567703
AEEEM_JDT,0.816690806,0.266990291,0.01517067,0.512776627,0.402930403,0.481572868,0.407223228,0.748299444,0.521564694
AEEEM_JDT,0.810029089,0.242718447,0.012642225,0.489540545,0.37593985,0.464446465,0.391695126,0.752056169,0.529588766
AEEEM_JDT,0.794367459,0.218446602,0.011378003,0.464716167,0.346153846,0.447299732,0.37041057,0.752056169,0.538615848
AEEEM_JDT,0.807930235,0.203883495,0.007585335,0.44981882,0.330708661,0.437035069,0.371265297,0.763863018,0.541624875
AEEEM_JDT,0.814254416,0.233009709,0.011378003,0.479956794,0.365019011,0.457596292,0.386502571,0.754638917,0.532597793
AEEEM_JDT,0.799270924,0.199029126,0.008849558,0.444148406,0.322834646,0.433593496,0.359692999,0.758103579,0.544633902
AEEEM_JDT,0.808326071,0.233009709,0.007585335,0.480876546,0.369230769,0.457629442,0.403245934,0.767552658,0.529588766
AEEEM_JDT,0.81825881,0.22815534,0.012642225,0.474627168,0.357414449,0.454150201,0.375832386,0.749418468,0.53560682
AEEEM_JDT,0.809688486,0.199029126,0.01011378,0.443865058,0.321568627,0.433582915,0.353823669,0.75306407,0.545636911
AEEEM_JDT,0.799866213,0.199029126,0.011378003,0.443581528,0.3203125,0.433570923,0.348107219,0.748024561,0.54663992
AEEEM_JDT,0.809814294,0.237864078,0.012642225,0.484620415,0.369811321,0.461014383,0.386460359,0.751212822,0.531594784
AEEEM_JDT,0.805800695,0.242718447,0.016434893,0.488599422,0.371747212,0.464394988,0.376557351,0.739658977,0.532597793
AEEEM_JDT,0.797386864,0.281553398,0.012642225,0.527251303,0.423357664,0.49190289,0.431885264,0.757756027,0.513540622
AEEEM_JDT,0.822662109,0.252427184,0.013906448,0.498915643,0.3866171,0.47129474,0.396921187,0.749672093,0.526579739
AEEEM_JDT,0.818538043,0.276699029,0.016434893,0.521681426,0.413043478,0.488416967,0.412427194,0.746256313,0.518555667
AEEEM_JDT,0.814659458,0.218446602,0.011378003,0.464716167,0.346153846,0.447299732,0.37041057,0.752056169,0.538615848
AEEEM_JDT,0.803612853,0.22815534,0.01011378,0.475234497,0.360153257,0.454176554,0.386682338,0.758210803,0.533600802
AEEEM_JDT,0.821241393,0.247572816,0.01011378,0.49504436,0.38490566,0.467905574,0.40745826,0.760969182,0.52557673
AEEEM_JDT,0.820943748,0.223300971,0.012642225,0.469550796,0.351145038,0.450718102,0.370435433,0.74846278,0.537612839
AEEEM_LC,0.760578648,0.046875,0,0.216506351,0.089552239,0.326038849,0.206685587,0.907380608,0.269175109
AEEEM_LC,0.745850778,0.03125,0,0.176776695,0.060606061,0.314990306,0.168635564,0.907380608,0.272069465
AEEEM_LC,0.774783194,0.046875,0,0.216506351,0.089552239,0.326038849,0.206685587,0.907380608,0.269175109
AEEEM_LC,0.772552831,0.015625,0,0.125,0.030769231,0.303941762,0.119156912,0.907380608,0.274963821
AEEEM_LC,0.763955343,0.046875,0,0.216506351,0.089552239,0.326038849,0.206685587,0.907380608,0.269175109
AEEEM_LC,0.754610247,0,0,0,0,0.292893219,0,0,0.277858177
AEEEM_LC,0.754373505,0.015625,0,0.125,0.030769231,0.303941762,0.119156912,0.907380608,0.274963821
AEEEM_LC,0.75878439,0.015625,0,0.125,0.030769231,0.303941762,0.119156912,0.907380608,0.274963821
AEEEM_LC,0.772565291,0.03125,0,0.176776695,0.060606061,0.314990306,0.168635564,0.907380608,0.272069465
AEEEM_LC,0.768740032,0.046875,0,0.216506351,0.089552239,0.326038849,0.206685587,0.907380608,0.269175109
AEEEM_LC,0.731895435,0.015625,0,0.125,0.030769231,0.303941762,0.119156912,0.907380608,0.274963821
AEEEM_LC,0.753065191,0.046875,0,0.216506351,0.089552239,0.326038849,0.206685587,0.907380608,0.269175109
AEEEM_LC,0.758310905,0.046875,0,0.216506351,0.089552239,0.326038849,0.206685587,0.907380608,0.269175109
AEEEM_LC,0.759133274,0.046875,0,0.216506351,0.089552239,0.326038849,0.206685587,0.907380608,0.269175109
AEEEM_LC,0.745402213,0.046875,0,0.216506351,0.089552239,0.326038849,0.206685587,0.907380608,0.269175109
AEEEM_LC,0.771306818,0.046875,0,0.216506351,0.089552239,0.326038849,0.206685587,0.907380608,0.269175109
AEEEM_LC,0.751146332,0.046875,0,0.216506351,0.089552239,0.326038849,0.206685587,0.907380608,0.269175109
AEEEM_LC,0.757962022,0.03125,0,0.176776695,0.060606061,0.314990306,0.168635564,0.907380608,0.272069465
AEEEM_LC,0.77250299,0.03125,0,0.176776695,0.060606061,0.314990306,0.168635564,0.907380608,0.272069465
AEEEM_LC,0.75682815,0.03125,0,0.176776695,0.060606061,0.314990306,0.168635564,0.907380608,0.272069465
AEEEM_LC,0.758298445,0.03125,0,0.176776695,0.060606061,0.314990306,0.168635564,0.907380608,0.272069465
AEEEM_LC,0.776564992,0.0625,0,0.25,0.117647059,0.337087393,0.238833592,0.907380608,0.266280753
AEEEM_LC,0.747283692,0.03125,0,0.176776695,0.060606061,0.314990306,0.168635564,0.907380608,0.272069465
AEEEM_LC,0.75195624,0.015625,0,0.125,0.030769231,0.303941762,0.119156912,0.907380608,0.274963821
AEEEM_LC,0.763544159,0.03125,0,0.176776695,0.060606061,0.314990306,0.168635564,0.907380608,0.272069465
AEEEM_LC,0.749813098,0.015625,0,0.125,0.030769231,0.303941762,0.119156912,0.907380608,0.274963821
AEEEM_LC,0.753688198,0.046875,0,0.216506351,0.089552239,0.326038849,0.206685587,0.907380608,0.269175109
AEEEM_LC,0.763008373,0.0625,0,0.25,0.117647059,0.337087393,0.238833592,0.907380608,0.266280753
AEEEM_LC,0.768191786,0.03125,0,0.176776695,0.060606061,0.314990306,0.168635564,0.907380608,0.272069465
AEEEM_LC,0.74905303,0.046875,0,0.216506351,0.089552239,0.326038849,0.206685587,0.907380608,0.269175109
AEEEM_ML,0.657382656,0.142857143,0.01546073,0.375031288,0.229508197,0.393809885,0.243860935,0.77443609,0.37056928
AEEEM_ML,0.654705741,0.146938776,0.017934447,0.379873018,0.232258065,0.396661332,0.237580953,0.762426901,0.371643394
AEEEM_ML,0.660106269,0.13877551,0.016079159,0.369518764,0.22295082,0.390916196,0.234864124,0.767801858,0.372180451
AEEEM_ML,0.664345664,0.151020408,0.018552876,0.384991617,0.237179487,0.399537446,0.240424029,0.76173542,0.371106337
AEEEM_ML,0.650718766,0.13877551,0.014842301,0.369750946,0.224422442,0.390931894,0.241153454,0.775541796,0.371106337
AEEEM_ML,0.660185781,0.13877551,0.016079159,0.369518764,0.22295082,0.390916196,0.234864124,0.767801858,0.372180451
AEEEM_ML,0.626785557,0.130612245,0.013605442,0.358936217,0.214046823,0.38517475,0.235696466,0.777960526,0.372180451
AEEEM_ML,0.67286358,0.130612245,0.014842301,0.358711108,0.212624585,0.385160443,0.229129491,0.769736842,0.373254565
AEEEM_ML,0.62386127,0.13877551,0.01546073,0.369634873,0.223684211,0.390924202,0.237973894,0.771671827,0.371643394
AEEEM_ML,0.666679288,0.134693878,0.012987013,0.364615697,0.220735786,0.388067263,0.245164189,0.784688995,0.37056928
AEEEM_ML,0.634383401,0.151020408,0.01546073,0.385597617,0.241042345,0.399581237,0.255409169,0.779516358,0.368421053
AEEEM_ML,0.670016281,0.155102041,0.019789734,0.389913596,0.241269841,0.402403064,0.24046802,0.757617729,0.371106337
AEEEM_ML,0.654848359,0.126530612,0.013605442,0.353283324,0.208053691,0.382288951,0.229546982,0.775042445,0.373254565
AEEEM_ML,0.632541996,0.146938776,0.016079159,0.380231671,0.234527687,0.396687481,0.246553742,0.773391813,0.370032223
AEEEM_ML,0.64747643,0.12244898,0.012987013,0.347647426,0.202702703,0.379409775,0.226702853,0.776315789,0.373791622
AEEEM_ML,0.670673835,0.151020408,0.017316017,0.385234132,0.238709677,0.399555918,0.246236826,0.768847795,0.370032223
AEEEM_ML,0.661865637,0.142857143,0.016079159,0.374913484,0.22875817,0.393801841,0.240746576,0.770676692,0.371106337
AEEEM_ML,0.647197506,0.134693878,0.014842301,0.364272852,0.218543046,0.38804617,0.235182918,0.772727273,0.372180451
AEEEM_ML,0.662798329,0.159183673,0.018552876,0.395259862,0.248407643,0.405308355,0.251653979,0.767206478,0.36895811
AEEEM_ML,0.677788295,0.12244898,0.01546073,0.347211505,0.2,0.379381426,0.213606131,0.75877193,0.37593985
AEEEM_ML,0.656938397,0.163265306,0.021026592,0.399790436,0.250783699,0.408152441,0.246125296,0.756578947,0.370032223
AEEEM_ML,0.674073934,0.13877551,0.014842301,0.369750946,0.224422442,0.390931894,0.241153454,0.775541796,0.371106337
AEEEM_ML,0.655734353,0.126530612,0.016697588,0.352729154,0.204620462,0.38225103,0.213716833,0.753820034,0.37593985
AEEEM_ML,0.652860551,0.142857143,0.017316017,0.374677763,0.227272727,0.393784806,0.234713578,0.763157895,0.372180451
AEEEM_ML,0.643970315,0.130612245,0.016079159,0.358485857,0.211221122,0.385144892,0.222862373,0.761513158,0.374328679
AEEEM_ML,0.641322429,0.151020408,0.016697588,0.385355332,0.239482201,0.399564676,0.249231552,0.772403983,0.369495166
AEEEM_ML,0.635839865,0.12244898,0.016079159,0.347102439,0.199335548,0.379373569,0.21052496,0.754385965,0.376476907
AEEEM_ML,0.674928376,0.13877551,0.018552876,0.36905396,0.220064725,0.390881033,0.223069124,0.752321981,0.374328679
AEEEM_ML,0.664964093,0.151020408,0.017316017,0.385234132,0.238709677,0.399555918,0.246236826,0.768847795,0.370032223
AEEEM_ML,0.637881943,0.126530612,0.01546073,0.352950927,0.205980066,0.382267127,0.219827225,0.762308998,0.374865736
AEEEM_PDE,0.739817677,0.014354067,0.000776398,0.119761941,0.028169014,0.303042861,0.09115834,0.813849922,0.415497662
AEEEM_PDE,0.7264889,0,0.001552795,0,0,0.292892366,-0.014733625,0,0.420173681
AEEEM_PDE,0.749663809,0.019138756,0.001552795,0.138235442,0.037209302,0.306425494,0.096467879,0.790581162,0.414829659
AEEEM_PDE,0.734815671,0.014354067,0.000776398,0.119761941,0.028169014,0.303042861,0.09115834,0.813849922,0.415497662
AEEEM_PDE,0.72130301,0.033492823,0.002329193,0.182797187,0.063926941,0.316574237,0.132593928,0.800553488,0.411489646
AEEEM_PDE,0.736234732,0.009569378,0.002329193,0.097709207,0.018691589,0.299657854,0.043492197,0.650968604,0.418169673
AEEEM_PDE,0.743101578,0.004784689,0.002329193,0.069090843,0.009389671,0.296274578,0.016485817,0.441549766,0.419505678
AEEEM_PDE,0.743352328,0.009569378,0.001552795,0.097747218,0.018779343,0.29965893,0.053822079,0.720774883,0.41750167
AEEEM_PDE,0.729880531,0.014354067,0.002329193,0.11966885,0.027906977,0.303041131,0.065962511,0.720774883,0.416833667
AEEEM_PDE,0.738270454,0.014354067,0.000776398,0.119761941,0.028169014,0.303042861,0.09115834,0.813849922,0.415497662
AEEEM_PDE,0.732690793,0.019138756,0.001552795,0.138235442,0.037209302,0.306425494,0.096467879,0.790581162,0.414829659
AEEEM_PDE,0.740623793,0.023923445,0.005434783,0.154251179,0.045248869,0.30979895,0.071859256,0.66492986,0.416833667
AEEEM_PDE,0.732937829,0,0.000776398,0,0,0.292893006,-0.010414764,0,0.419505678
AEEEM_PDE,0.738049422,0.009569378,0.002329193,0.097709207,0.018691589,0.299657854,0.043492197,0.650968604,0.418169673
AEEEM_PDE,0.730799949,0.014354067,0.001552795,0.119715404,0.028037383,0.303042212,0.076897954,0.767312403,0.416165665
AEEEM_PDE,0.734262162,0.033492823,0.001552795,0.182868301,0.064220183,0.316575339,0.143200207,0.820498139,0.410821643
AEEEM_PDE,0.736162293,0.033492823,0.000776398,0.182939387,0.064516129,0.316576001,0.155526565,0.84044279,0.410153641
AEEEM_PDE,0.743118295,0.009569378,0.001552795,0.097747218,0.018779343,0.29965893,0.053822079,0.720774883,0.41750167
AEEEM_PDE,0.740545781,0.014354067,0.001552795,0.119715404,0.028037383,0.303042212,0.076897954,0.767312403,0.416165665
AEEEM_PDE,0.736496627,0.028708134,0.001552795,0.169303149,0.055299539,0.313192057,0.129090404,0.813849922,0.412157649
AEEEM_PDE,0.742146869,0.023923445,0.001552795,0.154551923,0.046296296,0.309808776,0.113649498,0.804542418,0.413493654
AEEEM_PDE,0.742821109,0.014354067,0.001552795,0.119715404,0.028037383,0.303042212,0.076897954,0.767312403,0.416165665
AEEEM_PDE,0.744806681,0.023923445,0.001552795,0.154551923,0.046296296,0.309808776,0.113649498,0.804542418,0.413493654
AEEEM_PDE,0.731333026,0.023923445,0.00310559,0.154431695,0.04587156,0.309806156,0.093334957,0.748697395,0.414829659
AEEEM_PDE,0.744251315,0.043062201,0.002329193,0.207272528,0.081447964,0.323340789,0.1583156,0.813849922,0.408817635
AEEEM_PDE,0.734022556,0.004784689,0.000776398,0.069144589,0.009478673,0.296276291,0.038032491,0.720774883,0.418169673
AEEEM_PDE,0.740943267,0.033492823,0.002329193,0.182797187,0.063926941,0.316574237,0.132593928,0.800553488,0.411489646
AEEEM_PDE,0.742126438,0.009569378,0.001552795,0.097747218,0.018779343,0.29965893,0.053822079,0.720774883,0.41750167
AEEEM_PDE,0.732547773,0.028708134,0.000776398,0.169368961,0.055555556,0.313192716,0.141901457,0.837118682,0.411489646
AEEEM_PDE,0.7455385,0.014354067,0.001552795,0.119715404,0.028037383,0.303042212,0.076897954,0.767312403,0.416165665
