Target,AUC,PD,PF,Gmean,Fmeasure,Balance,MCC,FIR,cost,costeff
ant1_7,0.815573173523108,0.7349397590361446,0.24870466321243523,0.7430725494752394,0.5648148148148148,0.7429874119391933,0.4223096965961689,0.5141819782154252,0.26711409395973157,0.0918580375782881
poi2_0,0.7081178651575764,0.6216216216216216,0.35379061371841153,0.6337962816295737,0.2911392405063291,0.6337091349900318,0.17743131144740812,0.38008861811132644,0.25955414012738853,0.07253886010362694
camel1_4,0.6633685908077598,0.4413793103448276,0.24346629986244842,0.5778566628666084,0.3316062176165803,0.5691096925669294,0.16477918503829608,0.3738352924311927,0.2775229357798165,0.12836767036450078
ivy2_0,0.8077724358974359,0.8,0.2916666666666667,0.7527726527090811,0.39263803680981596,0.749930565197939,0.3383651175428544,0.5632102272727273,0.20880681818181818,0.034934497816593885
jedit4_0,0.7634343434343435,0.64,0.24242424242424243,0.6963106238227914,0.5363128491620112,0.6931046486870746,0.3610473505858897,0.46895424836601307,0.3022875816993464,0.13366336633663367
log1_0,0.8299359347699475,0.5294117647058824,0.09900990099009901,0.6906480712340833,0.5806451612903226,0.6599586439186396,0.4607903592715159,0.6082304526748972,0.2814814814814815,0.14953271028037382
xal2_4,0.7652380246181226,0.7363636363636363,0.3605220228384992,0.6862130344412769,0.3932038834951456,0.6841833908872363,0.27370764271598336,0.432747639294435,0.2690179806362379,0.0688836104513064
vel1_6,0.738750212260146,0.48717948717948717,0.2052980132450331,0.6222238394402808,0.5170068027210885,0.6094029233264466,0.2911506553624255,0.38152148931280166,0.4126637554585153,0.25
tom6_0,0.7827793205514075,0.7012987012987013,0.24327784891165172,0.72848353571115,0.3364485981308411,0.7275971938315219,0.29018638442084416,0.5944919278252612,0.18240093240093241,0.03745928338762215
xer1_3,0.6988413345410628,0.4492753623188406,0.16666666666666666,0.6118791835531754,0.37804878048780494,0.5931367525034843,0.24944359800762272,0.533219397564623,0.2306843267108168,0.10614525139664804
luc2_4,0.7324368703679047,0.49261083743842365,0.15615615615615616,0.6447376385656217,0.5633802816901409,0.6246145265261297,0.3620839753704246,0.42432835820895526,0.4300373134328358,0.2682291666666667
syn1_2,0.7385309442114627,0.6395348837209303,0.3442622950819672,0.6475856212626897,0.5392156862745099,0.6475431743679896,0.27750347423651883,0.31409259885096313,0.39219330855018586,0.2052980132450331
ant1_7,0.8060532284578729,0.7228915662650602,0.29015544041450775,0.7163383596342502,0.5286343612334803,0.7162930529144832,0.3697959365167463,0.4652348993288591,0.2859060402684564,0.10065645514223195
poi2_0,0.6467948092496829,0.6756756756756757,0.5703971119133574,0.5387691729118917,0.22727272727272727,0.536028485450061,0.06883661490788799,0.13745222929936307,0.3487261146496815,0.0916030534351145
camel1_4,0.6705829341175356,0.5517241379310345,0.29160935350756534,0.6251689521676894,0.36613272311212813,0.6218550122196683,0.20521581248408258,0.3930619266055046,0.27924311926605505,0.11206896551724138
ivy2_0,0.7928685897435899,0.75,0.3333333333333333,0.7071067811865476,0.3448275862068966,0.7053721745056052,0.272342490703264,0.49242424242424243,0.23295454545454544,0.045871559633027525
jedit4_0,0.7414430014430015,0.64,0.23376623376623376,0.7002782378380827,0.5423728813559322,0.6964817533909622,0.37067856345167494,0.4791666666666667,0.29901960784313725,0.1323529411764706
log1_0,0.8235294117647058,0.5294117647058824,0.09900990099009901,0.6906480712340833,0.5806451612903226,0.6599586439186396,0.4607903592715159,0.6082304526748972,0.2814814814814815,0.14953271028037382
xal2_4,0.7512309061248703,0.7818181818181819,0.41272430668841764,0.6776007783133616,0.3830734966592428,0.6698904279511431,0.2656427435543666,0.40027019202933517,0.2842323651452282,0.0625
vel1_6,0.7317031754117846,0.48717948717948717,0.2185430463576159,0.6170168538446426,0.5100671140939597,0.6058262175887641,0.27525992169732083,0.3635945759595495,0.4170305676855895,0.25316455696202533
tom6_0,0.7543442473019938,0.6623376623376623,0.2560819462227913,0.7019436905547195,0.31097560975609756,0.7003386766223849,0.25523437093082657,0.5583207642031172,0.19172494172494173,0.042833607907743
xer1_3,0.6692330917874396,0.391304347826087,0.22135416666666666,0.5519850541454905,0.2983425414364641,0.5420108821838013,0.14155512205733825,0.36816286485160654,0.26269315673289184,0.12316715542521994
luc2_4,0.7231172058758266,0.5172413793103449,0.17717717717717718,0.6523787334094424,0.5722070844686649,0.6363740672320997,0.35796260407372843,0.40845771144278614,0.42723880597014924,0.26344086021505375
syn1_2,0.7260134705807599,0.6976744186046512,0.3770491803278688,0.6592547693676891,0.5581395348837208,0.6582641066905954,0.299304745526377,0.312639405204461,0.3847583643122677,0.18571428571428572
ant1_7,0.8284797219967955,0.8313253012048193,0.34196891191709844,0.7396201001207668,0.5498007968127491,0.7303762893110018,0.4092486884294748,0.4574846804785527,0.28187919463087246,0.06845965770171149
poi2_0,0.6779685823007123,0.7027027027027027,0.37545126353790614,0.6624742146540282,0.311377245508982,0.6613635177122171,0.21421097801065486,0.410828025477707,0.25955414012738853,0.059782608695652176
camel1_4,0.6653132855855429,0.41379310344827586,0.23521320495185694,0.5625508878308092,0.3191489361702127,0.5533660462142806,0.15067762758138073,0.35980504587155965,0.2786697247706422,0.13260530421216848
ivy2_0,0.8209535256410256,0.825,0.34935897435897434,0.7326519270116241,0.3626373626373627,0.7237060505863777,0.30770374361798625,0.5110192837465565,0.2315340909090909,0.03333333333333333
jedit4_0,0.7978932178932179,0.6933333333333334,0.2857142857142857,0.7037315505489968,0.538860103626943,0.7036243114679707,0.36022277150180787,0.44381598793363497,0.3055555555555556,0.12234042553191489
log1_0,0.8060570762958649,0.38235294117647056,0.06930693069306931,0.5965343513847813,0.48148148148148157,0.5605165873918275,0.3825114157260149,0.6125356125356125,0.3074074074074074,0.1826086956521739
xal2_4,0.7795862375797122,0.7636363636363637,0.3278955954323002,0.7164100526151638,0.4253164556962025,0.7141824969504632,0.3202545357164739,0.4837976684449714,0.25103734439834025,0.0593607305936073
vel1_6,0.67396841569027,0.4230769230769231,0.2119205298013245,0.5774237935795055,0.46153846153846145,0.5654021700251688,0.22195319852081946,0.3290988487495038,0.4366812227074236,0.27439024390243905
tom6_0,0.8114721386168249,0.7922077922077922,0.3495518565941101,0.7178370898980057,0.29683698296836986,0.7124551321380006,0.2594766574237377,0.5086170659941153,0.22261072261072262,0.030534351145038167
xer1_3,0.7044270833333333,0.42028985507246375,0.171875,0.5899597750964756,0.3536585365853659,0.5724459871800376,0.2192625216461235,0.5010276318794246,0.23730684326710816,0.11173184357541899
luc2_4,0.7145150076184559,0.43842364532019706,0.14414414414414414,0.6125581149515215,0.5235294117647058,0.5900332108411075,0.32725283346024775,0.4170090558443737,0.4468283582089552,0.2857142857142857
syn1_2,0.7492057440589657,0.6744186046511628,0.30601092896174864,0.6841338618521774,0.58,0.6840522720121822,0.34768436854017076,0.37161902320215356,0.3680297397769517,0.18064516129032257
ant1_7,0.8127171900035374,0.7469879518072289,0.27288428324697755,0.7369848573642375,0.5535714285714286,0.7368641714114954,0.40677250698595174,0.49326694089629786,0.2738255033557047,0.09071274298056156
poi2_0,0.6824568250561031,0.6486486486486487,0.35379061371841153,0.6474278686893429,0.3018867924528302,0.6474269079668225,0.19503977341934725,0.4010084925690021,0.25636942675159236,0.06770833333333333
camel1_4,0.6727031257411185,0.45517241379310347,0.24484181568088034,0.5862825031946213,0.33933161953727514,0.5776348656683749,0.17445319526092282,0.3852515985543509,0.275802752293578,0.12579617834394904
ivy2_0,0.8053685897435897,0.85,0.34294871794871795,0.747324286868552,0.3756906077348066,0.7353173379850229,0.328403966426847,0.5287433155080213,0.22585227272727273,0.02843601895734597
jedit4_0,0.7703607503607504,0.68,0.2554112554112554,0.7115619061756654,0.5513513513513514,0.7104875569247899,0.38061046105038093,0.47135717031910807,0.2973856209150327,0.12244897959183673
log1_0,0.8482818870122306,0.47058823529411764,0.04950495049504951,0.6687987649527544,0.5818181818181817,0.6240162525237867,0.5043198641784309,0.6694444444444444,0.2777777777777778,0.15789473684210525
xal2_4,0.7606777398783924,0.7181818181818181,0.3637846655791191,0.6759573105082464,0.38349514563106796,0.6746073368114938,0.2580906576957682,0.41838682003606625,0.27316735822959887,0.07363420427553444
vel1_6,0.7129393785022924,0.47435897435897434,0.2251655629139073,0.6062587474619827,0.49664429530201337,0.5956498926924304,0.25533750637851976,0.34639442936386167,0.42358078602620086,0.25949367088607594
tom6_0,0.7938706619884597,0.7532467532467533,0.31882202304737517,0.7163065681136509,0.3020833333333333,0.7149257577723922,0.2590242544998457,0.5249778956675509,0.21212121212121213,0.034482758620689655
xer1_3,0.704483695652174,0.4927536231884058,0.21614583333333334,0.6214877156278541,0.3655913978494624,0.6101167430782318,0.22708685442979418,0.47584729255940794,0.24503311258278146,0.10416666666666667
luc2_4,0.7320966286483529,0.4729064039408867,0.13513513513513514,0.6395311823031494,0.5581395348837209,0.6152343805935105,0.3721214776417831,0.44373833955223874,0.43097014925373134,0.2708860759493671
syn1_2,0.7433600203329521,0.6511627906976745,0.3551912568306011,0.6479779785366521,0.5410628019323672,0.6479714304756384,0.27746050401929745,0.309214020180563,0.39219330855018586,0.20270270270270271
ant1_7,0.8157708554424954,0.7048192771084337,0.25215889464594127,0.7260115889347908,0.5454545454545453,0.7254860956929043,0.3941526207389095,0.4991338266506052,0.2751677852348993,0.1016597510373444
poi2_0,0.6650892770026344,0.5945945945945946,0.38267148014440433,0.6058549339530207,0.26666666666666666,0.6057976379777574,0.1390457174822129,0.3144180660104227,0.2754777070063694,0.08064516129032258
camel1_4,0.6782336479628137,0.43448275862068964,0.218707015130674,0.582630527312994,0.3433242506811989,0.5712561902693907,0.18442536969838122,0.41404543468763655,0.268348623853211,0.12615384615384614
ivy2_0,0.8158653846153847,0.775,0.2692307692307692,0.7525597344039567,0.39999999999999997,0.751896990041846,0.3422445998949187,0.5784457478005866,0.20170454545454544,0.0379746835443038
jedit4_0,0.7552958152958154,0.68,0.22077922077922077,0.7279217882919359,0.576271186440678,0.725096867671647,0.41902794129319776,0.5098039215686275,0.28431372549019607,0.11764705882352941
log1_0,0.8573092603377985,0.47058823529411764,0.04950495049504951,0.6687987649527544,0.5818181818181817,0.6240162525237867,0.5043198641784309,0.6694444444444444,0.2777777777777778,0.15789473684210525
xal2_4,0.7726234613673439,0.8090909090909091,0.399673735725938,0.6969350923239912,0.40090090090090086,0.6868024776432111,0.29494741982050743,0.4290332105614869,0.2745504840940526,0.05398457583547558
vel1_6,0.707335710646969,0.47435897435897434,0.1986754966887417,0.6165350513307764,0.5103448275862068,0.602652267641133,0.28717828989265265,0.3832172784137849,0.4148471615720524,0.25308641975308643
tom6_0,0.8121456008779953,0.7272727272727273,0.23047375160051217,0.7481012320411227,0.35782747603833864,0.7475140444835884,0.3179804191009216,0.6217948717948718,0.17424242424242425,0.03376205787781351
xer1_3,0.7446973128019324,0.42028985507246375,0.15885416666666666,0.5945797342547704,0.36477987421383645,0.5749714724872775,0.2354401158811182,0.527289335464718,0.23178807947019867,0.11019283746556474
luc2_4,0.7689462861876655,0.4630541871921182,0.1021021021021021,0.6448064680914907,0.5679758308157099,0.6135186646514577,0.41066210055717367,0.48428072403937755,0.4244402985074627,0.26715686274509803
syn1_2,0.7553691701613928,0.6976744186046512,0.3825136612021858,0.6563569321772108,0.5555555555555556,0.6552410565537594,0.29412221621210477,0.3073110285006196,0.38661710037174724,0.18705035971223022
ant1_7,0.828370476725555,0.8192771084337349,0.3177892918825561,0.7476092671235357,0.5596707818930041,0.7414939095772708,0.4215841340022215,0.4757204895380971,0.2751677852348993,0.07058823529411765
poi2_0,0.6873353497902236,0.6216216216216216,0.33212996389891697,0.6443310134345903,0.3026315789473684,0.6439940238256194,0.19373199082125472,0.410828025477707,0.25,0.07035175879396985
camel1_4,0.6745197552530475,0.4482758620689655,0.2173314993122421,0.592327102925427,0.3532608695652174,0.5806955133980497,0.1970987147902075,0.42951658433309814,0.26548165137614677,0.12326656394453005
ivy2_0,0.830849358974359,0.825,0.3685897435897436,0.7217433488009859,0.35106382978723405,0.7114836234461266,0.29343826525826555,0.49035812672176304,0.24005681818181818,0.03431372549019608
jedit4_0,0.8022799422799424,0.7066666666666667,0.2857142857142857,0.7104659772022196,0.5463917525773195,0.7104511289042306,0.37142857142857144,0.449685534591195,0.3022875816993464,0.11764705882352941
log1_0,0.8469714618520675,0.4117647058823529,0.0297029702970297,0.6320870755316582,0.5490196078431372,0.583524894087209,0.4998828362666497,0.6941798941798942,0.2851851851851852,0.1694915254237288
xal2_4,0.7702209698947056,0.7090909090909091,0.2936378466557912,0.7077252160706563,0.42391304347826086,0.7077233466711688,0.31146712566187507,0.4967549739333972,0.24481327800829875,0.06881720430107527
vel1_6,0.6787230429614535,0.44871794871794873,0.2052980132450331,0.5971574711403744,0.48611111111111116,0.5840317474204888,0.25469835966373583,0.35770430442919526,0.425764192139738,0.26380368098159507
tom6_0,0.8217237308146399,0.8181818181818182,0.34571062740076824,0.7316608971991605,0.30731707317073176,0.7237992676172796,0.27710505182142786,0.5256410256410257,0.21853146853146854,0.02666666666666667
xer1_3,0.6863488828502415,0.391304347826087,0.15104166666666666,0.5763688809751284,0.35064935064935066,0.5565341151537867,0.22112767749104892,0.5204807456463086,0.23289183222958057,0.11413043478260869
luc2_4,0.7341528720839066,0.3842364532019704,0.10510510510510511,0.5863883017275878,0.4936708860759493,0.5582920485861476,0.3319474550202288,0.45132510524301567,0.4552238805970149,0.29550827423167847
syn1_2,0.7684585080696403,0.686046511627907,0.33879781420765026,0.6735098017427725,0.5700483091787439,0.6733880346857395,0.32553062569030927,0.3443387310188394,0.3754646840148699,0.18243243243243243
ant1_7,0.8279074848617266,0.7650602409638554,0.2711571675302245,0.7467319954535934,0.5644444444444445,0.7463044148206597,0.42318028025111487,0.5017280558051048,0.2691275167785235,0.08459869848156182
poi2_0,0.6943604254073569,0.6216216216216216,0.3285198555956679,0.646070101654102,0.304635761589404,0.6456728258058311,0.1965132138253836,0.4159512600387704,0.2484076433121019,0.07
camel1_4,0.6732153868045344,0.4206896551724138,0.21320495185694635,0.5753229853696652,0.3379501385041551,0.5635043945693269,0.1789610402031589,0.4111896525793352,0.268348623853211,0.12804878048780488
ivy2_0,0.8177083333333334,0.8,0.32371794871794873,0.7355444521071729,0.36994219653179194,0.7309337346282923,0.3117623239825673,0.5276988636363636,0.22301136363636365,0.0365296803652968
jedit4_0,0.7786724386724387,0.6533333333333333,0.27705627705627706,0.6872577626503991,0.5212765957446809,0.686202327578691,0.33537175470022784,0.4347739095638255,0.31209150326797386,0.13471502590673576
log1_0,0.7850902737332557,0.6176470588235294,0.16831683168316833,0.7167193751978005,0.5833333333333334,0.7045983010761807,0.43369869485137175,0.5442680776014109,0.2851851851851852,0.13402061855670103
xal2_4,0.7752335755598398,0.7272727272727273,0.32300163132137033,0.7016854351830986,0.41237113402061853,0.7010767497119682,0.2984673765111282,0.47130013831258644,0.2544951590594744,0.06741573033707865
vel1_6,0.7241467142129393,0.44871794871794873,0.1986754966887417,0.5996404650982594,0.4895104895104895,0.5856427549503542,0.26282757122791045,0.3674360573923893,0.42358078602620086,0.2621951219512195
tom6_0,0.8129437783727157,0.7792207792207793,0.31882202304737517,0.7285520118626112,0.31088082901554404,0.7257820695980103,0.27411929692363785,0.5378205128205128,0.2097902097902098,0.030965391621129327
xer1_3,0.6977279589371981,0.4492753623188406,0.16927083333333334,0.6109223742366907,0.37575757575757573,0.5925995572128049,0.24619854895196655,0.5283059175389874,0.23178807947019867,0.10644257703081232
luc2_4,0.7162236127753369,0.458128078817734,0.16216216216216217,0.619545832856176,0.5314285714285715,0.6000489118636709,0.32179431577968964,0.40136013480982186,0.4449626865671642,0.2827763496143959
syn1_2,0.7525733892489515,0.6627906976744186,0.2786885245901639,0.6914322353112049,0.5876288659793815,0.6906640925198404,0.3654237070021522,0.394247701036979,0.362453531598513,0.18012422360248448
ant1_7,0.8053405331169237,0.7771084337349398,0.3316062176165803,0.7207041316283344,0.5297741273100616,0.7174727147034586,0.3743757847898618,0.44554393631965034,0.28993288590604027,0.08726415094339622
poi2_0,0.696555761537711,0.6216216216216216,0.34296028880866425,0.6390853548162092,0.2967741935483871,0.6388961666473383,0.18550192348363373,0.3954583217945167,0.25477707006369427,0.07142857142857142
camel1_4,0.6609448370725228,0.5103448275862069,0.2902338376891334,0.6018517173947939,0.3441860465116279,0.5975090880458642,0.17472355314895738,0.3595803372179519,0.2855504587155963,0.12095400340715502
ivy2_0,0.7931891025641026,0.675,0.3301282051282051,0.6724310087573755,0.3176470588235294,0.6724258619631502,0.22678629530841593,0.4528619528619529,0.24005681818181818,0.05855855855855856
jedit4_0,0.7812698412698412,0.7333333333333333,0.3246753246753247,0.7037315505489967,0.5365853658536585,0.7029097968931501,0.35560562821614505,0.4206773618538324,0.3104575163398693,0.11363636363636363
log1_0,0.8351776354106,0.5,0.0594059405940594,0.685782056999868,0.5964912280701754,0.6439599279730828,0.508704820769741,0.6592592592592592,0.2740740740740741,0.15178571428571427
xal2_4,0.7546047753225568,0.7545454545454545,0.37846655791190864,0.6848176644739531,0.3905882352941176,0.6810291005891089,0.2724082055810097,0.42258661200819875,0.27385892116182575,0.0661764705882353
vel1_6,0.6928171166581762,0.46153846153846156,0.2052980132450331,0.6056282129726506,0.496551724137931,0.592514967977519,0.2669245700326534,0.3660844250363901,0.42139737991266374,0.25925925925925924
tom6_0,0.7949681560437002,0.7012987012987013,0.2727272727272727,0.7141676407723387,0.31395348837209297,0.7139907072007112,0.2645725134190665,0.5562678062678063,0.1958041958041958,0.038917089678511
xer1_3,0.6966334541062802,0.43478260869565216,0.16666666666666666,0.601929265428846,0.3680981595092025,0.5833175806380415,0.23757549572097933,0.5227373068432671,0.23289183222958057,0.10863509749303621
luc2_4,0.7200698235180996,0.5369458128078818,0.1921921921921922,0.6585962495762608,0.5797872340425532,0.6454883506739209,0.35768654809726164,0.3988942900178009,0.4244402985074627,0.25895316804407714
syn1_2,0.7520015249714069,0.7209302325581395,0.3770491803278688,0.6701522806784389,0.5714285714285714,0.6683028342855701,0.3208542722583781,0.32449934044849493,0.37732342007434944,0.17391304347826086
ant1_7,0.8260919324968268,0.7951807228915663,0.3333333333333333,0.7280937315536447,0.5376782077393075,0.723357588766353,0.3875479941682181,0.4513931258897702,0.2865771812080537,0.08095238095238096
poi2_0,0.6963118353010049,0.7027027027027027,0.35018050541516244,0.6757439715703498,0.325,0.6751830751383973,0.23284020643625378,0.44255267025967665,0.2484076433121019,0.05759162303664921
camel1_4,0.6686382393397524,0.4827586206896552,0.265474552957359,0.5954817307657371,0.3431372549019608,0.5888945495747,0.17627574913103206,0.3752457404980341,0.2798165137614679,0.12315270935960591
ivy2_0,0.8177884615384615,0.825,0.36538461538461536,0.7235728659282991,0.35294117647058826,0.7135293058969527,0.295778261588532,0.49380165289256195,0.23863636363636365,0.03414634146341464
jedit4_0,0.7851370851370852,0.72,0.30735930735930733,0.7061878636037996,0.54,0.7060019185263335,0.36108910222150126,0.43264342774146697,0.30718954248366015,0.11602209944751381
log1_0,0.8016889924286545,0.4411764705882353,0.0891089108910891,0.6339272164715308,0.5172413793103449,0.5998599401306978,0.3997229143869283,0.5970370370370369,0.3,0.17117117117117117
xal2_4,0.7622942310544267,0.7181818181818181,0.34910277324632955,0.6837123326074016,0.39205955334987597,0.682750702213871,0.27000880701198043,0.43571966314757427,0.2669432918395574,0.07209302325581396
vel1_6,0.7189675666496859,0.46153846153846156,0.23178807947019867,0.5954488625707764,0.48322147651006714,0.5854722312155373,0.23541509105971875,0.32823871906841345,0.43013100436681223,0.26582278481012656
tom6_0,0.8116799973394084,0.7922077922077922,0.3444302176696543,0.7206576787199773,0.29975429975429974,0.7155621540097683,0.2630627088590431,0.5145018915510718,0.2202797202797203,0.030303030303030304
xer1_3,0.6918025362318841,0.42028985507246375,0.16927083333333334,0.5908866566972061,0.35582822085889576,0.5729657700199747,0.22242604476917702,0.5062799725964832,0.23620309050772628,0.11142061281337047
luc2_4,0.7174292519120105,0.4729064039408867,0.15615615615615616,0.6317112929810953,0.5470085470085471,0.6112761879483111,0.3436690152726728,0.4161225124378109,0.4375,0.2757731958762887
syn1_2,0.7528910916253654,0.7093023255813954,0.34972677595628415,0.6791467515033253,0.5781990521327015,0.6784304463003672,0.3362239692797797,0.344871716740813,0.37174721189591076,0.1736111111111111
ant1_7,0.8247445741515285,0.8072289156626506,0.3298791018998273,0.7354868903904977,0.5458248472505092,0.7298325400544746,0.4005564760630288,0.45958128818992294,0.2825503355704698,0.0761904761904762
poi2_0,0.667870036101083,0.5945945945945946,0.34296028880866425,0.6250378074231685,0.2857142857142857,0.624516776385653,0.1677971389751108,0.37333526346265206,0.25796178343949044,0.07614213197969544
camel1_4,0.6728643931129347,0.503448275862069,0.27097661623108665,0.6058263493952626,0.3518072289156627,0.6000050367264598,0.18721519513848184,0.3849754932763605,0.2786697247706422,0.11960132890365449
ivy2_0,0.8258814102564103,0.85,0.358974358974359,0.7381543164351171,0.3655913978494624,0.7248976641310984,0.31630162701352127,0.5120320855614973,0.23295454545454544,0.02912621359223301
jedit4_0,0.7869841269841269,0.7066666666666667,0.27705627705627706,0.7147588620508534,0.5520833333333333,0.7146890949326252,0.3802660595304917,0.4589345172031077,0.29901960784313725,0.1164021164021164
log1_0,0.8479906814210832,0.47058823529411764,0.039603960396039604,0.6722730676300273,0.5925925925925927,0.6246033495833723,0.5266203676972112,0.6851851851851852,0.2740740740740741,0.1565217391304348
xal2_4,0.7623313065401156,0.7818181818181819,0.35889070146818924,0.7079766282334963,0.41346153846153844,0.7030102347003748,0.30744238753534114,0.45865096979639103,0.26141078838174275,0.05755395683453238
vel1_6,0.6946001018848701,0.5,0.2251655629139073,0.6224284846816109,0.5165562913907286,0.6122503831579348,0.2795008900305976,0.36244541484716153,0.4148471615720524,0.25
tom6_0,0.8197948018690656,0.7792207792207793,0.2880921895006402,0.7448042419526556,0.3314917127071823,0.7433479261927223,0.29803437267034444,0.5737179487179487,0.1958041958041958,0.029668411867364748
xer1_3,0.6975769927536232,0.4057971014492754,0.140625,0.5905352521721046,0.3708609271523179,0.5682289522958477,0.24747088241495954,0.5539262062440871,0.22626931567328917,0.1105121293800539
luc2_4,0.7526146836491665,0.4187192118226601,0.1021021021021021,0.6131615611770124,0.5279503105590062,0.5826798627206342,0.36954132154739855,0.469776119402985,0.4412313432835821,0.2829736211031175
syn1_2,0.7520015249714068,0.6976744186046512,0.4098360655737705,0.6416714734443578,0.5429864253393665,0.639884492272949,0.2684751836296608,0.2806691449814127,0.395910780669145,0.19402985074626866
ant1_7,0.7929906153109848,0.7891566265060241,0.33506044905008636,0.7243904008599675,0.5336048879837068,0.7200710512791096,0.3810437532208128,0.44720528715610436,0.28859060402684567,0.08333333333333333
poi2_0,0.6314274563372037,0.6216216216216216,0.44765342960288806,0.5859612365911194,0.25,0.5855342051148978,0.11240708708525006,0.24688451952367763,0.30095541401273884,0.08383233532934131
camel1_4,0.6634919129156192,0.5655172413793104,0.3356258596973865,0.6129559780829981,0.34819532908704887,0.611786150919204,0.17691667787000268,0.3389181024837772,0.2952981651376147,0.11538461538461539
ivy2_0,0.7842147435897436,0.775,0.3525641025641026,0.70835218677775,0.3425414364640884,0.7042581815021496,0.27360077607495853,0.4831378299120235,0.23863636363636365,0.04265402843601896
jedit4_0,0.773997113997114,0.7066666666666667,0.30303030303030304,0.7018014338295787,0.5353535353535352,0.7017787658473313,0.35411865498651446,0.43118756936736957,0.3088235294117647,0.12021857923497267
log1_0,0.8465346534653466,0.4411764705882353,0.0297029702970297,0.65427228199474,0.576923076923077,0.6042942990878906,0.5254275407920029,0.6977777777777778,0.2777777777777778,0.1623931623931624
xal2_4,0.7353477680557616,0.7818181818181819,0.4453507340946166,0.6585095903758245,0.3667377398720682,0.649328799198068,0.24169725470909836,0.3648879024735437,0.29806362378976486,0.06593406593406594
vel1_6,0.7210901681100357,0.5128205128205128,0.26490066225165565,0.6139821001935849,0.5063291139240506,0.6078799841949956,0.24643872246726414,0.3187772925764192,0.42358078602620086,0.2550335570469799
tom6_0,0.7756123517967308,0.6883116883116883,0.2765685019206146,0.7056531412959739,0.3063583815028902,0.7053478831760044,0.2536667316104824,0.5445089501693275,0.1987179487179487,0.04074702886247878
xer1_3,0.7369791666666666,0.4927536231884058,0.1875,0.6327419053931703,0.38857142857142857,0.617602865604036,0.25907965794876037,0.5251266069341644,0.23289183222958057,0.10086455331412104
luc2_4,0.7293303155372122,0.541871921182266,0.17117117117117117,0.6701634649909863,0.5945945945945945,0.6541814735722373,0.38825958121101845,0.425016960651289,0.416044776119403,0.25203252032520324
syn1_2,0.7362434871012835,0.7209302325581395,0.3770491803278688,0.6701522806784389,0.5714285714285714,0.6683028342855701,0.3208542722583781,0.32449934044849493,0.37732342007434944,0.17391304347826086
ant1_7,0.7928241463262375,0.7530120481927711,0.32469775474956825,0.7130993807634421,0.5219206680584552,0.7115284413695686,0.36111194244507466,0.442061744966443,0.29261744966442954,0.09490740740740741
poi2_0,0.6655771294760464,0.5945945945945946,0.34296028880866425,0.6250378074231685,0.2857142857142857,0.624516776385653,0.1677971389751108,0.37333526346265206,0.25796178343949044,0.07614213197969544
camel1_4,0.6724612246833942,0.5172413793103449,0.28473177441540576,0.6082485705517428,0.35128805620608905,0.6036869487312311,0.1850723522025788,0.37477064220183487,0.28211009174311924,0.11864406779661017
ivy2_0,0.8091346153846154,0.8,0.34294871794871795,0.7250110520819842,0.3575418994413408,0.7192743125908592,0.29673926888453656,0.5063920454545454,0.2315340909090909,0.03755868544600939
jedit4_0,0.7881962481962482,0.7333333333333333,0.29004329004329005,0.7215503590428881,0.5583756345177665,0.7213997297109646,0.3894357092222105,0.45632798573975036,0.2973856209150327,0.10869565217391304
log1_0,0.836924868957484,0.4117647058823529,0.0297029702970297,0.6320870755316582,0.5490196078431372,0.583524894087209,0.4998828362666497,0.6941798941798942,0.2851851851851852,0.1694915254237288
xal2_4,0.7387142221563102,0.8272727272727273,0.42088091353996737,0.692162860944938,0.3965141612200435,0.6783049160104875,0.2920942557199472,0.41650327542443727,0.28077455048409405,0.05080213903743316
vel1_6,0.6932416369502462,0.44871794871794873,0.1986754966887417,0.5996404650982594,0.4895104895104895,0.5856427549503542,0.26282757122791045,0.3674360573923893,0.42358078602620086,0.2621951219512195
tom6_0,0.8244009511615146,0.8051948051948052,0.31370038412291934,0.7433739876478163,0.32291666666666663,0.7388898748401769,0.2930518618278254,0.5556244830438379,0.20512820512820512,0.02722323049001815
xer1_3,0.7543402777777778,0.463768115942029,0.15104166666666666,0.6274709608924425,0.4025157232704403,0.6060722029674692,0.2816308358872449,0.5716059602649007,0.22185430463576158,0.10192837465564739
luc2_4,0.7543306853651681,0.4827586206896552,0.12312312312312312,0.6506303647968896,0.5730994152046784,0.6240359406017247,0.39804303968964455,0.46281982942430705,0.42350746268656714,0.26448362720403024
syn1_2,0.7513661202185792,0.7441860465116279,0.36065573770491804,0.6897761078185227,0.5925925925925926,0.6873393693324744,0.3579277615032791,0.35060408921933084,0.3643122676579926,0.15827338129496402
ant1_7,0.7992019893043677,0.7469879518072289,0.31088082901554404,0.7174703604224876,0.527659574468085,0.7165727726733959,0.3692584303596003,0.4537345745832431,0.28859060402684567,0.09523809523809523
poi2_0,0.6593814030637135,0.6486486486486487,0.4548736462093863,0.5946389431655538,0.25668449197860965,0.5935779249891545,0.125075124554372,0.2635350318471338,0.30095541401273884,0.07926829268292683
camel1_4,0.6664231845562776,0.5448275862068965,0.2764786795048143,0.6278490062225299,0.37176470588235294,0.6234217302479031,0.21399871608816343,0.41063755661363366,0.27408256880733944,0.11148648648648649
ivy2_0,0.7931891025641026,0.775,0.3301282051282051,0.7205210899242582,0.3563218390804598,0.7175025382227564,0.29077798238163877,0.5087976539589443,0.22869318181818182,0.04128440366972477
jedit4_0,0.7774603174603175,0.7066666666666667,0.24675324675324675,0.7295850685796498,0.572972972972973,0.7289542388933992,0.41227625797300643,0.49130595634480206,0.2875816993464052,0.11224489795918367
log1_0,0.8589108910891089,0.38235294117647056,0.0297029702970297,0.6090943466506021,0.52,0.5627528412225972,0.47359872628343447,0.69002849002849,0.29259259259259257,0.17647058823529413
xal2_4,0.7438232240842355,0.8181818181818182,0.4176182707993475,0.6902855511114666,0.3947368421052631,0.6779263505461006,0.2879978727003699,0.41509143998770553,0.28077455048409405,0.05305039787798409
vel1_6,0.69544914246901,0.47435897435897434,0.2251655629139073,0.6062587474619827,0.49664429530201337,0.5956498926924304,0.25533750637851976,0.34639442936386167,0.42358078602620086,0.25949367088607594
tom6_0,0.7881836473385769,0.6883116883116883,0.2573623559539053,0.714958859359881,0.3202416918429003,0.714181013659646,0.26981231245688453,0.5699080793420416,0.18997668997668998,0.039735099337748346
xer1_3,0.7024833937198066,0.42028985507246375,0.15625,0.5954994250353155,0.3670886075949367,0.5754544107920181,0.23878879727725205,0.5325416761817766,0.2306843267108168,0.10989010989010989
luc2_4,0.7388940664802734,0.4482758620689655,0.13513513513513514,0.6226540314415837,0.5368731563421828,0.5983403000525604,0.3490681636339551,0.43398392652123996,0.44029850746268656,0.28
syn1_2,0.7362434871012836,0.7558139534883721,0.453551912568306,0.6426609443072672,0.5555555555555556,0.6357637012148931,0.2833575821425071,0.2720617672290535,0.39219330855018586,0.17355371900826447
ant1_7,0.8081548993903074,0.7710843373493976,0.3177892918825561,0.7252875235390462,0.5355648535564853,0.7230591988872164,0.38234292029503386,0.4568791946308725,0.2859060402684564,0.08775981524249422
poi2_0,0.6244023807200703,0.5675675675675675,0.51985559566787,0.5220291099622373,0.20792079207920794,0.5218537624499038,0.03080583651040233,0.07415832575068242,0.339171974522293,0.10738255033557047
camel1_4,0.6812550396053694,0.503448275862069,0.265474552957359,0.6081081892972936,0.35523114355231145,0.6018540763663016,0.1924434264887778,0.394086967450044,0.2763761467889908,0.1188118811881188
ivy2_0,0.8243589743589743,0.825,0.3173076923076923,0.7504806152367653,0.38372093023255816,0.7437684917914728,0.3328201177351375,0.5454545454545454,0.21732954545454544,0.031818181818181815
jedit4_0,0.7746320346320347,0.7466666666666667,0.3463203463203463,0.6986278036843424,0.5308056872037914,0.6965897496349025,0.3465600901775854,0.4047619047619048,0.315359477124183,0.11176470588235295
log1_0,0.8278974956319161,0.5294117647058824,0.09900990099009901,0.6906480712340833,0.5806451612903226,0.6599586439186396,0.4607903592715159,0.6082304526748972,0.2814814814814815,0.14953271028037382
xal2_4,0.7594690790449355,0.8363636363636363,0.4469820554649266,0.6800912431914542,0.3865546218487395,0.6634217643609566,0.2797224562381255,0.39473209453364605,0.29045643153526973,0.05042016806722689
vel1_6,0.7155714043131262,0.5,0.2185430463576159,0.6250827759754639,0.52,0.6141495995134467,0.28729739181119723,0.37117903930131,0.4126637554585153,0.2484076433121019
tom6_0,0.8039642815571113,0.7532467532467533,0.2765685019206146,0.7381886121613717,0.3304843304843305,0.737914802938165,0.29222307877791287,0.5760389036251106,0.19289044289044288,0.032534246575342464
xer1_3,0.7648890398550724,0.42028985507246375,0.1796875,0.5871703515498126,0.3473053892215569,0.5708430067049151,0.20997269245705438,0.4852706097282484,0.24061810154525387,0.11267605633802817
luc2_4,0.7566827911655498,0.5221674876847291,0.15615615615615616,0.6637980264644998,0.5872576177285318,0.6445364611306883,0.3893948679880835,0.4354759222754154,0.41884328358208955,0.2566137566137566
syn1_2,0.7640106747998475,0.6744186046511628,0.273224043715847,0.7001080104749359,0.597938144329897,0.699454975867396,0.3816849108373183,0.40469170619151384,0.35687732342007433,0.17391304347826086
ant1_7,0.8226168924402272,0.7530120481927711,0.2659758203799655,0.74345749772176,0.5617977528089888,0.7433424603048591,0.4187545442691513,0.502668456375839,0.2697986577181208,0.08798283261802575
poi2_0,0.6832373890135623,0.6216216216216216,0.3249097472924188,0.6478045211551375,0.3066666666666667,0.6473411413916597,0.19931428367303045,0.42107449459983387,0.24681528662420382,0.06965174129353234
camel1_4,0.6861452354977944,0.43448275862068964,0.20495185694635487,0.587736939821043,0.3529411764705882,0.574667768701322,0.19922896144957414,0.4404397844764817,0.2626146788990826,0.12424242424242424
ivy2_0,0.81875,0.8,0.3173076923076923,0.739022223044643,0.3742690058479532,0.7347791754050663,0.31691725518160435,0.5348011363636365,0.22017045454545456,0.03619909502262444
jedit4_0,0.7665512265512265,0.6666666666666666,0.22943722943722944,0.7167346187456789,0.5617977528089887,0.7138596905686452,0.3979966203617305,0.4950980392156862,0.2908496732026144,0.12315270935960591
log1_0,0.8398369248689574,0.5588235294117647,0.0891089108910891,0.7134615429899274,0.6129032258064516,0.6817413974447131,0.5028787885689818,0.6288499025341131,0.27037037037037037,0.14018691588785046
xal2_4,0.7742547827376538,0.7636363636363637,0.35073409461663946,0.7041328390438986,0.4107579462102689,0.7009329726285467,0.30113090325815395,0.4584403609299875,0.2607192254495159,0.06132075471698113
vel1_6,0.7056376294786891,0.44871794871794873,0.1986754966887417,0.5996404650982594,0.4895104895104895,0.5856427549503542,0.26282757122791045,0.3674360573923893,0.42358078602620086,0.2621951219512195
tom6_0,0.8179157590169113,0.7922077922077922,0.2752880921895006,0.7577086646417954,0.34560906515580736,0.7561136173127997,0.3162845150086997,0.5939470365699874,0.1888111888111888,0.027491408934707903
xer1_3,0.7119376509661836,0.42028985507246375,0.15364583333333334,0.5964176976317094,0.3694267515923567,0.5759299030628311,0.2421777501949895,0.5377940168988353,0.22958057395143489,0.1095890410958904
luc2_4,0.7443453305522271,0.4630541871921182,0.12612612612612611,0.6361218093848805,0.5545722713864307,0.60998807352627,0.3755846794655594,0.45204826929183867,0.4319029850746269,0.2725
syn1_2,0.7614055153132546,0.6744186046511628,0.2786885245901639,0.697471059446034,0.5948717948717949,0.6969566543087127,0.37592446740814206,0.39917959235995387,0.3587360594795539,0.175
ant1_7,0.8219302078781446,0.8072289156626506,0.3160621761658031,0.7430305430561732,0.5548654244306418,0.738221477046664,0.4134002739921712,0.47288390263447866,0.2771812080536913,0.07476635514018691
poi2_0,0.6959215533222755,0.5675675675675675,0.33574007220216606,0.6140133479435318,0.2781456953642384,0.612882960397152,0.1554312237180797,0.36032757051865333,0.25796178343949044,0.08
camel1_4,0.6700706730541195,0.4896551724137931,0.25722145804676755,0.6030798910802581,0.3523573200992556,0.5958869455686315,0.189607839838422,0.3957552655381832,0.27522935779816515,0.12052117263843648
ivy2_0,0.8272435897435897,0.85,0.36538461538461536,0.734454271498966,0.3617021276595745,0.7207099024671988,0.3115720906393943,0.5053475935828877,0.23579545454545456,0.029411764705882353
jedit4_0,0.8007215007215007,0.7333333333333333,0.30735930735930733,0.7126966450997984,0.5472636815920398,0.7122667425100947,0.37230443961018367,0.4385026737967914,0.30392156862745096,0.1111111111111111
log1_0,0.8420209668025627,0.38235294117647056,0.04950495049504951,0.602847060001036,0.4999999999999999,0.5618569700446704,0.4250273737616839,0.6512820512820513,0.3,0.1794871794871795
xal2_4,0.767373572593801,0.7545454545454545,0.3605220228384992,0.6946331412689236,0.4009661835748792,0.6915976144418944,0.28668490454660805,0.44275025412854735,0.26625172890733056,0.06443914081145585
vel1_6,0.7054678213618611,0.47435897435897434,0.2119205298013245,0.6114184894135993,0.5034013605442177,0.5992452128868431,0.2710682758208606,0.36480585388882336,0.4192139737991266,0.25625
tom6_0,0.8222891065400668,0.8051948051948052,0.3034571062740077,0.7489010078932504,0.32978723404255317,0.7450144324954016,0.300958154532726,0.5672043010752688,0.20046620046620048,0.026833631484794274
xer1_3,0.7111073369565217,0.42028985507246375,0.15885416666666666,0.5945797342547704,0.36477987421383645,0.5749714724872775,0.2354401158811182,0.527289335464718,0.23178807947019867,0.11019283746556474
luc2_4,0.7487093004334384,0.43349753694581283,0.11411411411411411,0.6197010162542829,0.5349544072948328,0.5913760459257743,0.3653467982392478,0.4577255766621438,0.439365671641791,0.2804878048780488
syn1_2,0.7577837082221375,0.6976744186046512,0.366120218579235,0.6650125622632821,0.5633802816901409,0.6642584538528613,0.3097299993424265,0.3232961586121437,0.38104089219330856,0.18309859154929578
ant1_7,0.827142767963044,0.7831325301204819,0.26424870466321243,0.7590723110853935,0.579064587973274,0.7582781790899615,0.44488652678567925,0.5149406298399587,0.26241610738255033,0.07792207792207792
poi2_0,0.6565030734705826,0.6216216216216216,0.38267148014440433,0.619471351707172,0.27710843373493976,0.6194690164124868,0.1565911880906025,0.3391027416228191,0.27229299363057324,0.07567567567567568
camel1_4,0.6751411089503391,0.41379310344827586,0.20357634112792297,0.5740684780270623,0.3399433427762039,0.5612051434714416,0.18365503630516436,0.4235474006116208,0.26548165137614677,0.1280120481927711
ivy2_0,0.8255608974358974,0.825,0.3173076923076923,0.7504806152367653,0.38372093023255816,0.7437684917914728,0.3328201177351375,0.5454545454545454,0.21732954545454544,0.031818181818181815
jedit4_0,0.7897546897546898,0.6533333333333333,0.2554112554112554,0.697470176039554,0.5355191256830601,0.695522835693273,0.3581708062756436,0.45978391356542614,0.30392156862745096,0.13131313131313133
log1_0,0.8072218986604542,0.5294117647058824,0.10891089108910891,0.6868428187429109,0.5714285714285715,0.6584484889544071,0.44444202351375767,0.5942386831275721,0.2851851851851852,0.1509433962264151
xal2_4,0.783182559691532,0.7454545454545455,0.3458401305057096,0.6983168680251617,0.4059405940594059,0.6963564719132331,0.29219004432643364,0.45450865297034715,0.26141078838174275,0.06526806526806526
vel1_6,0.6962981830531499,0.46153846153846156,0.19205298013245034,0.6106542594252935,0.5034965034965037,0.5957567714975783,0.283264757581456,0.3850072780203785,0.4170305676855895,0.25609756097560976
tom6_0,0.8145900194555764,0.7922077922077922,0.2752880921895006,0.7577086646417954,0.34560906515580736,0.7561136173127997,0.3162845150086997,0.5939470365699874,0.1888111888111888,0.027491408934707903
xer1_3,0.7342806461352658,0.4057971014492754,0.15364583333333334,0.5860444246239787,0.3589743589743589,0.5660160563184524,0.2300123447449854,0.5267265846736046,0.23178807947019867,0.11202185792349727
luc2_4,0.7219929288894806,0.4039408866995074,0.12612612612612611,0.5941324662700618,0.5015290519877675,0.5691901427310693,0.31956999923426416,0.4272843101565344,0.4542910447761194,0.2936893203883495
syn1_2,0.7633117295717372,0.6395348837209303,0.28415300546448086,0.6766159356771393,0.5699481865284973,0.675440274703884,0.33862627458820466,0.37803311929705985,0.37174721189591076,0.19135802469135801
ant1_7,0.8203591568345923,0.7831325301204819,0.3005181347150259,0.7401263425483624,0.5531914893617021,0.7379478594014712,0.40863683439880766,0.47894682498709346,0.276510067114094,0.08163265306122448
poi2_0,0.6678212508537418,0.6216216216216216,0.35379061371841153,0.6337962816295737,0.2911392405063291,0.6337091349900318,0.17743131144740812,0.38008861811132644,0.25955414012738853,0.07253886010362694
camel1_4,0.6911634966560737,0.43448275862068964,0.17881705639614856,0.5973188685026278,0.37278106508875736,0.5806044289960559,0.22930321075206422,0.49058904907528755,0.25172018348623854,0.12076583210603829
ivy2_0,0.8202724358974359,0.8,0.32051282051282054,0.7372853881569494,0.372093023255814,0.7328591494051466,0.3143301111942965,0.53125,0.2215909090909091,0.03636363636363636
jedit4_0,0.7920923520923521,0.72,0.30735930735930733,0.7061878636037996,0.54,0.7060019185263335,0.36108910222150126,0.43264342774146697,0.30718954248366015,0.11602209944751381
log1_0,0.7974665113570181,0.5294117647058824,0.09900990099009901,0.6906480712340833,0.5806451612903226,0.6599586439186396,0.4607903592715159,0.6082304526748972,0.2814814814814815,0.14953271028037382
xal2_4,0.7869790894260715,0.7636363636363637,0.33115823817292006,0.7146690778603549,0.42317380352644834,0.7123078491643944,0.31747280764098046,0.48017519594283087,0.2524204702627939,0.05963302752293578
vel1_6,0.6945151978264561,0.4358974358974359,0.16556291390728478,0.6030994828762023,0.4963503649635037,0.5842941055935348,0.2929454908678485,0.40893912150012846,0.4170305676855895,0.25882352941176473
tom6_0,0.8120624573889619,0.7792207792207793,0.323943661971831,0.7258079267378226,0.30769230769230765,0.7227970414483281,0.27031881959452525,0.5318376068376068,0.21212121212121213,0.031192660550458717
xer1_3,0.7314500301932367,0.42028985507246375,0.1875,0.5843676131052925,0.3411764705882353,0.5691751503615969,0.2009658150894801,0.46951358757707234,0.24392935982339956,0.11363636363636363
luc2_4,0.7529401322504771,0.4482758620689655,0.12012012012012012,0.6280357566813302,0.5449101796407185,0.6007329417335965,0.37041365145149185,0.45479334098737084,0.435634328358209,0.2765432098765432
syn1_2,0.7613419748379716,0.6046511627906976,0.20218579234972678,0.6945497018548613,0.5942857142857143,0.6860097153486797,0.39890734473836353,0.45281670002859586,0.3550185873605948,0.18888888888888888
ant1_7,0.8270491291591235,0.8012048192771084,0.3229706390328152,0.7365047092850184,0.5473251028806584,0.7318306900893465,0.4020355750915376,0.4638946359186557,0.28120805369127516,0.07764705882352942
poi2_0,0.6805054151624549,0.6216216216216216,0.3285198555956679,0.646070101654102,0.304635761589404,0.6456728258058311,0.1965132138253836,0.4159512600387704,0.2484076433121019,0.07
camel1_4,0.695399136745245,0.4689655172413793,0.2297111416781293,0.6010315406600453,0.3578947368421052,0.5908760392681789,0.20077398927625975,0.4253406637884511,0.2672018348623853,0.12087912087912088
ivy2_0,0.8271634615384615,0.8,0.32051282051282054,0.7372853881569494,0.372093023255814,0.7328591494051466,0.3143301111942965,0.53125,0.2215909090909091,0.03636363636363636
jedit4_0,0.7839249639249639,0.68,0.329004329004329,0.6754828319632235,0.504950495049505,0.6754666053365319,0.30641498885930096,0.38965782391387926,0.32516339869281047,0.1340782122905028
log1_0,0.8031450203843914,0.5882352941176471,0.13861386138613863,0.7118270355896783,0.5882352941176471,0.6927834838597082,0.44962143273150845,0.5718518518518519,0.2814814814814815,0.13861386138613863
xal2_4,0.7873646744772356,0.7727272727272727,0.3458401305057096,0.7109762104894591,0.4176904176904177,0.7073754210338871,0.3116424642186008,0.46839150597998536,0.2572614107883817,0.05868544600938967
vel1_6,0.7214297843436916,0.47435897435897434,0.18543046357615894,0.6216094994786345,0.5174825174825175,0.6058661745935661,0.30370194393500144,0.4016287029387466,0.4104803493449782,0.25
tom6_0,0.817782729434458,0.8051948051948052,0.3085787451984635,0.7461426154345233,0.3263157894736842,0.7419593966917724,0.29697769609928676,0.5614143920595535,0.20279720279720279,0.02702702702702703
xer1_3,0.6997471316425121,0.43478260869565216,0.19010416666666666,0.5934042662371124,0.34883720930232553,0.5783305242153992,0.2097650981094137,0.4770419426048565,0.24282560706401765,0.11142857142857143
luc2_4,0.746298022160091,0.46798029556650245,0.13213213213213212,0.6372951132069624,0.5555555555555556,0.6123765575669544,0.37171531940578345,0.4458562450903378,0.4319029850746269,0.27204030226700254
syn1_2,0.7569576820434617,0.6627906976744186,0.2459016393442623,0.7069719786343386,0.6063829787234042,0.7048917742529861,0.40071624201724515,0.4279006065349246,0.3513011152416357,0.17365269461077845
ant1_7,0.8222579436918659,0.7590361445783133,0.2694300518134715,0.7446670375518717,0.5625,0.7444064433129294,0.4200733109582364,0.5013103227868329,0.2697986577181208,0.08639308855291576
poi2_0,0.6307444628744269,0.5675675675675675,0.5306859205776173,0.5161079833552025,0.2048780487804878,0.51594145244674,0.023840753890722505,0.057324840764331184,0.34394904458598724,0.1095890410958904
camel1_4,0.6628326139543708,0.3931034482758621,0.19669876203576342,0.5619434906180605,0.33043478260869563,0.5488825942833445,0.17394158296704634,0.41654595203605344,0.26605504587155965,0.13095238095238096
ivy2_0,0.8085336538461537,0.775,0.28846153846153844,0.7425916156894768,0.38509316770186336,0.7413157724448612,0.32510660666050095,0.5564516129032259,0.21022727272727273,0.03896103896103896
jedit4_0,0.7820202020202021,0.6666666666666666,0.2597402597402597,0.7025001733142089,0.5405405405405405,0.701188927881639,0.3647775625890682,0.46078431372549017,0.3022875816993464,0.12755102040816327
log1_0,0.7830518345952242,0.5,0.09900990099009901,0.6711892799389383,0.5573770491803278,0.639581520663778,0.43515104922723596,0.6,0.28888888888888886,0.1574074074074074
xal2_4,0.7857111078155125,0.7909090909090909,0.3719412724306688,0.7047959685322981,0.4094117647058824,0.6982887817781647,0.3034742780026462,0.4491343539848333,0.26556016597510373,0.056372549019607844
vel1_6,0.695109526235354,0.41025641025641024,0.18543046357615894,0.578085092280949,0.463768115942029,0.5628604579395015,0.24230547553102902,0.361353711790393,0.43231441048034935,0.27218934911242604
tom6_0,0.8198114305668722,0.7532467532467533,0.25096030729833546,0.7511402775650328,0.3504531722054381,0.7511343327992552,0.3144756409196116,0.6069849690539345,0.18123543123543123,0.03145695364238411
xer1_3,0.7584352355072463,0.463768115942029,0.15104166666666666,0.6274709608924425,0.4025157232704403,0.6060722029674692,0.2816308358872449,0.5716059602649007,0.22185430463576158,0.10192837465564739
luc2_4,0.7103581413926242,0.41379310344827586,0.13513513513513514,0.5982266430842128,0.5060240963855421,0.5746178010819005,0.31619102781814284,0.4183768656716418,0.4533582089552239,0.29238329238329236
syn1_2,0.7586097344008133,0.6395348837209303,0.28415300546448086,0.6766159356771393,0.5699481865284973,0.675440274703884,0.33862627458820466,0.37803311929705985,0.37174721189591076,0.19135802469135801
ant1_7,0.8144339014087437,0.7831325301204819,0.3126079447322971,0.7337023098140787,0.5450733752620545,0.7309691220308581,0.39705492499564676,0.4669488900361384,0.28120805369127516,0.08294930875576037
poi2_0,0.6400624451165968,0.5405405405405406,0.35018050541516244,0.5926666692641565,0.2597402597402597,0.5915092526998945,0.12693765728594075,0.31066878980891727,0.267515923566879,0.08629441624365482
camel1_4,0.6766541763506143,0.503448275862069,0.2764786795048143,0.6035358824069607,0.34844868735083534,0.5981268390617023,0.18205097887549554,0.3758640191026769,0.2809633027522936,0.12040133779264214
ivy2_0,0.8340544871794872,0.875,0.375,0.739509972887452,0.36458333333333337,0.7204915028125263,0.3203616377585937,0.5064935064935064,0.2372159090909091,0.025
jedit4_0,0.7953535353535354,0.6533333333333333,0.22943722943722944,0.7095310729167141,0.5536723163841808,0.706044884353402,0.3867950227321826,0.489795918367347,0.29411764705882354,0.12745098039215685
log1_0,0.8386721025043681,0.35294117647058826,0.019801980198019802,0.5881770501159084,0.5,0.5422461144200799,0.4743175303113891,0.7061728395061729,0.2962962962962963,0.18181818181818182
xal2_4,0.7605071926442236,0.6909090909090909,0.3425774877650897,0.6739578549667572,0.3838383838383838,0.6737359005298891,0.2558560691725359,0.42745868821431177,0.26832641770401106,0.07780320366132723
vel1_6,0.7096281202241467,0.46153846153846156,0.1986754966887417,0.6081464284622167,0.4999999999999999,0.5941596487614341,0.27504224678023237,0.3755458515283843,0.4192139737991266,0.25766871165644173
tom6_0,0.8251991286562349,0.8181818181818182,0.31626120358514725,0.7479456207587235,0.32558139534883723,0.7420474848612681,0.2986309298316152,0.5584045584045585,0.20512820512820512,0.025547445255474453
xer1_3,0.6653079710144927,0.37681159420289856,0.1484375,0.5664614931205879,0.34210526315789475,0.5470113243544698,0.2121275554301447,0.5137544574630668,0.23399558498896247,0.11621621621621622
luc2_4,0.740047929703102,0.3891625615763547,0.0960960960960961,0.593098270661878,0.5031847133757962,0.562760457034779,0.35081673946296765,0.4678584923483847,0.4505597014925373,0.2917647058823529
syn1_2,0.7446308298386072,0.686046511627907,0.29508196721311475,0.6954182607446033,0.592964824120603,0.6953361194403186,0.3694116807711784,0.3876882364060235,0.36059479553903345,0.17307692307692307
ant1_7,0.8103033897247018,0.7530120481927711,0.27979274611398963,0.7364270088555931,0.5518763796909493,0.736099422967723,0.40465237080615446,0.48840805369127516,0.2751677852348993,0.08951965065502183
poi2_0,0.6869450678114938,0.6216216216216216,0.33935018050541516,0.640838678700229,0.29870129870129875,0.6406055494075422,0.18822687981969582,0.4005815563555802,0.2531847133757962,0.07106598984771574
camel1_4,0.6729213110088696,0.503448275862069,0.27097661623108665,0.6058263493952626,0.3518072289156627,0.6000050367264598,0.18721519513848184,0.3849754932763605,0.2786697247706422,0.11960132890365449
ivy2_0,0.8178685897435898,0.85,0.358974358974359,0.7381543164351171,0.3655913978494624,0.7248976641310984,0.31630162701352127,0.5120320855614973,0.23295454545454544,0.02912621359223301
jedit4_0,0.7608946608946608,0.68,0.2943722943722944,0.692695344164258,0.5257731958762887,0.6925467127399605,0.34025974025974026,0.4281045751633987,0.31209150326797386,0.12834224598930483
log1_0,0.847699475829936,0.47058823529411764,0.0594059405940594,0.6653063193326605,0.5714285714285714,0.6232999320501378,0.48326349358324433,0.6537037037037037,0.2814814814814815,0.1592920353982301
xal2_4,0.7510974343763902,0.7363636363636363,0.3817292006525285,0.6747385671984047,0.3811764705882353,0.6719593661890166,0.25687516937019145,0.40832949131704316,0.27800829875518673,0.07107843137254902
vel1_6,0.7265240278485312,0.5256410256410257,0.2251655629139073,0.6381886619268008,0.5359477124183005,0.6287076843797903,0.3034267011897854,0.37693045052721275,0.40611353711790393,0.24025974025974026
tom6_0,0.8150057369007434,0.8441558441558441,0.34571062740076824,0.7431838249374794,0.3155339805825243,0.7318552267816782,0.29202165926607854,0.5374753451676528,0.2162004662004662,0.022944550669216062
xer1_3,0.693161231884058,0.4492753623188406,0.20572916666666666,0.5973661493800271,0.34636871508379885,0.5842945053487953,0.20409299786354163,0.45951719718008976,0.24724061810154527,0.11078717201166181
luc2_4,0.7394192221778431,0.4729064039408867,0.13513513513513514,0.6395311823031494,0.5581395348837209,0.6152343805935105,0.3721214776417831,0.44373833955223874,0.43097014925373134,0.2708860759493671
syn1_2,0.7463464226712416,0.686046511627907,0.37158469945355194,0.656598907091303,0.5539906103286386,0.6560218162957188,0.293762699644628,0.31182660197845125,0.38661710037174724,0.19014084507042253
ant1_7,0.8248434151112221,0.7650602409638554,0.27288428324697755,0.745846717139436,0.5631929046563192,0.7453801633619462,0.4214173143795385,0.49997357712836227,0.2697986577181208,0.08478260869565217
poi2_0,0.6981656746999707,0.5675675675675675,0.30685920577617326,0.6272194468919703,0.2937062937062937,0.6250597509008842,0.17775061299554593,0.4052168638155899,0.24522292993630573,0.07692307692307693
camel1_4,0.6625764834226628,0.41379310344827586,0.21458046767537828,0.5700887525548093,0.33240997229916897,0.5585912876524819,0.17182616332600298,0.4013761467889908,0.27006880733944955,0.12957317073170732
ivy2_0,0.8285256410256411,0.775,0.2948717948717949,0.7392390404830896,0.38036809815950917,0.7377268833725863,0.3195907604534653,0.5491202346041056,0.21306818181818182,0.039301310043668124
jedit4_0,0.7806349206349206,0.6933333333333334,0.29004329004329005,0.7015957897797366,0.5360824742268041,0.7015292689864042,0.35584415584415585,0.4391025641025641,0.30718954248366015,0.12299465240641712
log1_0,0.8098427489807803,0.5,0.06930693069306931,0.6821631290633241,0.5862068965517241,0.6430662171760049,0.4889910590390959,0.6444444444444444,0.2777777777777778,0.15315315315315314
xal2_4,0.7710959513569627,0.7727272727272727,0.3458401305057096,0.7109762104894591,0.4176904176904177,0.7073754210338871,0.3116424642186008,0.46839150597998536,0.2572614107883817,0.05868544600938967
vel1_6,0.7087790796400067,0.47435897435897434,0.17880794701986755,0.624131252224559,0.5211267605633803,0.6073992041816464,0.3121305583125783,0.41083441520122743,0.40829694323144106,0.24848484848484848
tom6_0,0.8155045978349438,0.7402597402597403,0.24199743918053776,0.7490786198980939,0.35294117647058826,0.7489743408534939,0.3149094143514163,0.6126855600539811,0.17832167832167833,0.032679738562091505
xer1_3,0.7637190519323671,0.42028985507246375,0.13802083333333334,0.6018979141298102,0.3841059602649007,0.5786251060125124,0.2634265200087507,0.5693080612011875,0.2229580573951435,0.1078167115902965
luc2_4,0.7416529830322934,0.43349753694581283,0.10510510510510511,0.6228440677748476,0.5398773006134969,0.5925861294913881,0.37882243728892423,0.47063687245590236,0.43656716417910446,0.2784503631961259
syn1_2,0.7542254416063032,0.6976744186046512,0.39344262295081966,0.6505225325714314,0.5504587155963303,0.649145432749938,0.28381289394539627,0.2966542750929368,0.3903345724907063,0.1897810218978102
ant1_7,0.821919803566598,0.7951807228915663,0.3298791018998273,0.7299775477205042,0.5398773006134969,0.7254356558605451,0.39072428466439885,0.45476916819198704,0.28523489932885904,0.08056872037914692
poi2_0,0.6763098838911114,0.6216216216216216,0.33574007220216606,0.642587218590559,0.30065359477124187,0.6423048831011479,0.19097005977929038,0.40570479091664363,0.2515923566878981,0.0707070707070707
camel1_4,0.6651283024237538,0.496551724137931,0.2764786795048143,0.5993878203153923,0.34449760765550236,0.5938592444181354,0.17669461891427474,0.36950496941896027,0.28211009174311924,0.12186978297161936
ivy2_0,0.8314102564102563,0.85,0.3301282051282051,0.7545800326281008,0.384180790960452,0.7435973558822274,0.33839507601319807,0.5421122994652406,0.22017045454545456,0.027906976744186046
jedit4_0,0.791948051948052,0.7333333333333333,0.30303030303030304,0.7149203529842405,0.5499999999999999,0.714571834198385,0.3765448674026146,0.44295900178253117,0.3022875816993464,0.11049723756906077
log1_0,0.8511939429237042,0.35294117647058826,0.019801980198019802,0.5881770501159084,0.5,0.5422461144200799,0.4743175303113891,0.7061728395061729,0.2962962962962963,0.18181818181818182
xal2_4,0.7624351179000446,0.7909090909090909,0.3833605220228385,0.698359340845079,0.4027777777777778,0.691224759647016,0.29451392263304726,0.4368928951844962,0.27040110650069155,0.057356608478802994
vel1_6,0.6932416369502462,0.48717948717948717,0.2251655629139073,0.614396812905641,0.5066666666666667,0.6039669148342335,0.2674509053180557,0.3546311192829234,0.4192139737991266,0.25477707006369427
tom6_0,0.8223057352378736,0.7662337662337663,0.2471190781049936,0.7595280010040188,0.35866261398176297,0.7594646691100126,0.3257598934573879,0.6166883963494133,0.17832167832167833,0.0297029702970297
xer1_3,0.7628887379227052,0.4057971014492754,0.14322916666666666,0.5896398229198456,0.3684210526315789,0.5678011575500748,0.24388884533589764,0.5484862819299906,0.22737306843267108,0.11081081081081082
luc2_4,0.7527774079498217,0.4482758620689655,0.11411411411411411,0.6301755780655298,0.5481927710843374,0.6016147872876101,0.3791707345853389,0.4631171067738232,0.4337686567164179,0.2751842751842752
syn1_2,0.7548608463591308,0.7093023255813954,0.39344262295081966,0.6559211523800211,0.5570776255707762,0.6540937732081092,0.29462779668043654,0.3029435066122251,0.38661710037174724,0.18382352941176472
ant1_7,0.8216909087125706,0.7951807228915663,0.30569948186528495,0.7430305430561732,0.5557894736842105,0.7398047757087718,0.4134346708749263,0.47840146430750463,0.2758389261744966,0.0779816513761468
poi2_0,0.682944677529515,0.6216216216216216,0.3104693140794224,0.6546962525781086,0.31506849315068497,0.6539065211469607,0.21072865400509594,0.4415674328440875,0.24044585987261147,0.06829268292682927
camel1_4,0.6980695346962007,0.45517241379310347,0.2063273727647868,0.6010473238441097,0.3656509695290859,0.5880484959099842,0.21463542458893858,0.45579649708090075,0.25974770642201833,0.12042682926829268
ivy2_0,0.8253205128205129,0.8,0.3141025641025641,0.7407549856180171,0.37647058823529417,0.7366936947433604,0.31952418558323287,0.5383522727272727,0.21875,0.036036036036036036
jedit4_0,0.7789033189033189,0.68,0.30303030303030304,0.6884325631021487,0.520408163265306,0.688369317496947,0.3316381720949637,0.4184928873510189,0.315359477124183,0.12972972972972974
log1_0,0.8328479906814211,0.5588235294117647,0.09900990099009901,0.7095734402398164,0.6031746031746031,0.6802816562231991,0.4859930437176062,0.6155945419103315,0.2740740740740741,0.14150943396226415
xal2_4,0.7768204063473232,0.7909090909090909,0.3637846655791191,0.7093578023601644,0.41428571428571426,0.7033029397053501,0.30997389077977655,0.45787825312793123,0.2621023513139696,0.05569007263922518
vel1_6,0.6963830871115639,0.46153846153846156,0.1986754966887417,0.6081464284622167,0.4999999999999999,0.5941596487614341,0.27504224678023237,0.3755458515283843,0.4192139737991266,0.25766871165644173
tom6_0,0.8201273758251991,0.7922077922077922,0.29577464788732394,0.7469222258133293,0.33062330623306235,0.7444024218111305,0.29945530252261643,0.5704077343421605,0.19813519813519814,0.028268551236749116
xer1_3,0.7220523852657004,0.43478260869565216,0.171875,0.6000452881458923,0.36363636363636365,0.5822610174655157,0.2311658029383204,0.5125827814569537,0.23509933774834438,0.1092436974789916
luc2_4,0.7814908504563677,0.4433497536945813,0.09009009009009009,0.6351443414239138,0.5572755417956655,0.6012671815335965,0.41108052112604876,0.49502487562189057,0.4281716417910448,0.27163461538461536
syn1_2,0.7687762104460542,0.6627906976744186,0.29508196721311475,0.6835298930947339,0.5786802030456852,0.683153443328425,0.348328234853287,0.3774212482880062,0.3680297397769517,0.18354430379746836
ant1_7,0.8174667582246083,0.7710843373493976,0.3385146804835924,0.7141855286028019,0.5224489795918367,0.7110410327488754,0.36310800627914597,0.43598993288590604,0.29395973154362415,0.09026128266033254
poi2_0,0.6993365206361597,0.6486486486486487,0.3249097472924188,0.6617373951460257,0.31788079470198677,0.6616110847101784,0.2170542088790355,0.44028662420382175,0.24363057324840764,0.065
camel1_4,0.678788597448181,0.5241379310344828,0.29298486932599727,0.6087474417207405,0.35023041474654376,0.6048513935655888,0.1828385034930571,0.367681675519073,0.28440366972477066,0.1183533447684391
ivy2_0,0.805528846153846,0.725,0.30448717948717946,0.7101033691455032,0.3536585365853658,0.7098815393050126,0.2793883337685318,0.5141065830721002,0.22301136363636365,0.04824561403508772
jedit4_0,0.7659163059163059,0.6933333333333334,0.3203463203463203,0.6864594315955977,0.5174129353233832,0.6864189025117492,0.32599339956111206,0.40610859728506793,0.31862745098039214,0.12777777777777777
log1_0,0.8136284216656959,0.47058823529411764,0.0891089108910891,0.6547172138938301,0.5423728813559322,0.6203836050634848,0.42628966462977963,0.6064814814814815,0.29259259259259257,0.16363636363636364
xal2_4,0.7609076078896635,0.7636363636363637,0.36867862969004894,0.6943341814352921,0.4,0.6903294487805036,0.2866297926893861,0.4385167621682145,0.26832641770401106,0.06295399515738499
vel1_6,0.727118356257429,0.5128205128205128,0.2185430463576159,0.6330459349162927,0.5298013245033112,0.6224388024175848,0.2992740453648598,0.3783842794759824,0.40829694323144106,0.24358974358974358
tom6_0,0.7959991353077142,0.7402597402597403,0.28297055057618437,0.7285520118626112,0.3211267605633803,0.7283961202197891,0.2792707295597725,0.5623031938821412,0.19696969696969696,0.034482758620689655
xer1_3,0.6956521739130435,0.463768115942029,0.21354166666666666,0.603932363362743,0.3497267759562841,0.5918672538970078,0.20719109997663718,0.45736754966887416,0.24834437086092714,0.10914454277286136
luc2_4,0.7330433882158021,0.4876847290640394,0.15915915915915915,0.640363363764234,0.5577464788732395,0.6206594045066905,0.3535508672628556,0.41851349314035885,0.43283582089552236,0.2708333333333333
syn1_2,0.7398017537171176,0.6976744186046512,0.3825136612021858,0.6563569321772108,0.5555555555555556,0.6552410565537594,0.29412221621210477,0.3073110285006196,0.38661710037174724,0.18705035971223022
ant1_7,0.8149593191418524,0.7108433734939759,0.231433506044905,0.739141663903123,0.5645933014354066,0.7381097344567944,0.4216737483634787,0.5241496985553407,0.2657718120805369,0.0973630831643002
poi2_0,0.7081178651575764,0.5675675675675675,0.3140794223826715,0.6239441271322361,0.2896551724137931,0.6220822231068888,0.17204930089285003,0.3939945404913558,0.2484076433121019,0.07766990291262135
camel1_4,0.6618507802494901,0.3931034482758621,0.1829436038514443,0.5667342293896197,0.3402985074626866,0.551785884490011,0.18955356511222704,0.4457186544342508,0.2603211009174312,0.12903225806451613
ivy2_0,0.8130608974358975,0.8,0.28846153846153844,0.7544738360147218,0.39506172839506176,0.751796394897659,0.34114715381803296,0.5667613636363636,0.20738636363636365,0.034782608695652174
jedit4_0,0.7664935064935064,0.6933333333333334,0.2554112554112554,0.7185041379478592,0.5591397849462365,0.7177949736138654,0.3917911911979869,0.47680995475113125,0.29411764705882354,0.11794871794871795
log1_0,0.8490099009900991,0.47058823529411764,0.07920792079207921,0.6582658426709204,0.5517241379310345,0.6214826877636896,0.4443569867130121,0.6222222222222221,0.28888888888888886,0.16216216216216217
xal2_4,0.7753225567254931,0.7727272727272727,0.35889070146818924,0.7038484494367954,0.40963855421686746,0.6996207162916254,0.30096596545395965,0.4540720852656415,0.2627939142461964,0.05980861244019139
vel1_6,0.7210901681100357,0.48717948717948717,0.2119205298013245,0.6196258162375683,0.5135135135135135,0.6076384388597886,0.28315853280593356,0.3725580326361756,0.4148471615720524,0.25157232704402516
tom6_0,0.812561318323162,0.7532467532467533,0.2560819462227913,0.7485678717987608,0.346268656716418,0.7485391402578512,0.30987445778760614,0.6007957559681698,0.18356643356643357,0.03166666666666667
xer1_3,0.7220901268115941,0.42028985507246375,0.1640625,0.5927360717255511,0.360248447204969,0.5739833594575471,0.22885907405966205,0.5167846540306006,0.23399558498896247,0.11080332409972299
luc2_4,0.7498927498927499,0.4236453201970443,0.12012012012012012,0.6105382817208506,0.5227963525835866,0.5836986907368416,0.3472063736115279,0.4451145435612634,0.4449626865671642,0.28536585365853656
syn1_2,0.7495234464353794,0.7093023255813954,0.39344262295081966,0.6559211523800211,0.5570776255707762,0.6540937732081092,0.29462779668043654,0.3029435066122251,0.38661710037174724,0.18382352941176472
ant1_7,0.8055746301267246,0.7891566265060241,0.34024179620034545,0.7215625810837264,0.5303643724696356,0.7169634228337638,0.3763156929809821,0.442102566729853,0.2906040268456376,0.08393285371702638
poi2_0,0.6663089081861645,0.6486486486486487,0.3898916967509025,0.6290834018092093,0.2840236686390532,0.6288778453852975,0.16900910953435425,0.35191082802547774,0.27229299363057324,0.07142857142857142
camel1_4,0.6596879002039558,0.5517241379310345,0.32737276478679506,0.6091836188678589,0.3455723542116631,0.6074925633584605,0.17354475641411546,0.33901949541284404,0.294151376146789,0.11732851985559567
ivy2_0,0.7913461538461538,0.725,0.34935897435897434,0.6868149267377228,0.3258426966292135,0.6856143348010644,0.24419337677804087,0.4592476489028213,0.24289772727272727,0.0514018691588785
jedit4_0,0.7648773448773449,0.7066666666666667,0.35064935064935066,0.6774027301941282,0.507177033492823,0.6767358575752209,0.3086676537336231,0.3803181650018498,0.32679738562091504,0.12790697674418605
log1_0,0.8322655794991264,0.4411764705882353,0.06930693069306931,0.6407806828531611,0.5357142857142857,0.6018246694819509,0.4370591227378208,0.6306172839506172,0.29259259259259257,0.168141592920354
xal2_4,0.7440901675811953,0.7818181818181819,0.4176182707993475,0.6747715351493296,0.3805309734513274,0.6668271275369488,0.2619937157387907,0.3949628485959665,0.2863070539419087,0.06299212598425197
vel1_6,0.7268636440821872,0.5256410256410257,0.23178807947019867,0.63545550734646,0.5324675324675324,0.6266756434818502,0.29574220920985816,0.3686228565342422,0.40829694323144106,0.24183006535947713
tom6_0,0.7797861549462062,0.6753246753246753,0.26248399487836105,0.7057356138849182,0.31137724550898205,0.7047781224059344,0.2576021996058027,0.5564595660749506,0.19347319347319347,0.04159733777038269
xer1_3,0.6734601449275363,0.43478260869565216,0.2109375,0.5857223336820212,0.3333333333333333,0.57340573823647,0.18700930837850663,0.43642384105960264,0.25165562913907286,0.11403508771929824
luc2_4,0.7230728265211024,0.5172413793103449,0.18018018018018017,0.6511871730843306,0.5706521739130435,0.6356370057347065,0.35420115276924635,0.4048507462686568,0.4281716417910448,0.2641509433962264
syn1_2,0.7302706824247045,0.7325581395348837,0.44808743169398907,0.6358522188560568,0.5454545454545454,0.6310098272506719,0.2661444904976044,0.26417655042190363,0.39776951672862454,0.18548387096774194
ant1_7,0.818288698836798,0.7831325301204819,0.3005181347150259,0.7401263425483624,0.5531914893617021,0.7379478594014712,0.40863683439880766,0.47894682498709346,0.276510067114094,0.08163265306122448
poi2_0,0.6729437018245683,0.6216216216216216,0.3212996389891697,0.6495343093376457,0.30872483221476504,0.64899882105695,0.20213576985452206,0.42619772916089727,0.24522292993630573,0.06930693069306931
camel1_4,0.6949532798937533,0.4689655172413793,0.21182943603851445,0.6079677756284684,0.37057220708446864,0.5957294644355646,0.2197764033695736,0.4571303291958986,0.25974770642201833,0.11846153846153847
ivy2_0,0.8249198717948718,0.8,0.3108974358974359,0.7424837043882184,0.378698224852071,0.7386025864248077,0.32215134255943484,0.5419034090909092,0.21732954545454544,0.03587443946188341
jedit4_0,0.7816738816738817,0.6666666666666666,0.2857142857142857,0.6900655593423543,0.5235602094240838,0.6895617902284452,0.3377547915222914,0.4313725490196078,0.31209150326797386,0.13157894736842105
log1_0,0.8261502620850321,0.5,0.0891089108910891,0.674867056948593,0.5666666666666668,0.6408757888973537,0.45230037246790544,0.6148148148148148,0.2851851851851852,0.1559633027522936
xal2_4,0.7720450837905977,0.7727272727272727,0.3474714518760196,0.7100891531128541,0.4166666666666666,0.7064107440395575,0.31029462284118087,0.4666015783906924,0.2579529737206086,0.058823529411764705
vel1_6,0.7063168619460011,0.44871794871794873,0.19205298013245034,0.6021132197749413,0.4929577464788733,0.5872069239658315,0.2710631076641552,0.37716781035558333,0.42139737991266374,0.2606060606060606
tom6_0,0.8225717944027804,0.7792207792207793,0.2893725992317542,0.7441341525304893,0.3305785123966942,0.7426287064239474,0.2969965109483717,0.5722222222222223,0.1963869463869464,0.02972027972027972
xer1_3,0.7188632246376812,0.4057971014492754,0.16927083333333334,0.5806095830441531,0.34567901234567905,0.5631191812041619,0.21041505622596812,0.4940870387890256,0.23841059602649006,0.11388888888888889
luc2_4,0.7759878104705691,0.42857142857142855,0.10510510510510511,0.6192950698385895,0.5353846153846153,0.5891608006993168,0.3742132167327412,0.4689054726368159,0.43843283582089554,0.28019323671497587
syn1_2,0.7697293175752955,0.627906976744186,0.2677595628415301,0.6780699662616064,0.5714285714285714,0.6758484910965715,0.34552733833524196,0.39019688833815225,0.36988847583643125,0.1927710843373494
ant1_7,0.8232879705349896,0.7590361445783133,0.2711571675302245,0.7437862956262342,0.5612472160356348,0.7434948449614533,0.41830323656629115,0.49954191967614786,0.27046979865771814,0.08658008658008658
poi2_0,0.6439164796565519,0.5945945945945946,0.5018050541516246,0.5442646615901043,0.22222222222222224,0.5438411158905069,0.05985233760227045,0.13766647365373486,0.32802547770700635,0.09803921568627451
camel1_4,0.689726319783712,0.4482758620689655,0.20907840440165062,0.5954419032078712,0.35911602209944754,0.5827990271087067,0.20599527032282325,0.44486591390261115,0.26204128440366975,0.12213740458015267
ivy2_0,0.8282051282051283,0.85,0.33974358974358976,0.7491448115804772,0.3777777777777778,0.7373922061592034,0.330874892914548,0.5320855614973262,0.22443181818181818,0.02830188679245283
jedit4_0,0.7810389610389611,0.6933333333333334,0.2510822510822511,0.720589785696161,0.5621621621621622,0.7197440979631518,0.3964433595116937,0.4815233785822021,0.29248366013071897,0.11734693877551021
log1_0,0.8348864298194525,0.5588235294117647,0.07920792079207921,0.7173285715467964,0.6229508196721312,0.6830531803938582,0.5204747843698313,0.6421052631578947,0.26666666666666666,0.1388888888888889
xal2_4,0.7715037816995403,0.7818181818181819,0.3898858075040783,0.6906506849910667,0.39540229885057476,0.6840773443718928,0.2829791917233162,0.42503779471838915,0.2745504840940526,0.06030150753768844
vel1_6,0.7141280353200883,0.46153846153846156,0.18543046357615894,0.6131518332820651,0.5070422535211268,0.5973057703266434,0.29159683298836675,0.3944687045123727,0.4148471615720524,0.2545454545454545
tom6_0,0.8192793122370586,0.7922077922077922,0.29577464788732394,0.7469222258133293,0.33062330623306235,0.7444024218111305,0.29945530252261643,0.5704077343421605,0.19813519813519814,0.028268551236749116
xer1_3,0.6874245169082126,0.42028985507246375,0.171875,0.5899597750964756,0.3536585365853659,0.5724459871800376,0.2192625216461235,0.5010276318794246,0.23730684326710816,0.11173184357541899
luc2_4,0.7523336144025797,0.4236453201970443,0.1021021021021021,0.6167578475051679,0.5325077399380805,0.5861101860492121,0.37417278924605507,0.47153766053453655,0.439365671641791,0.28125
syn1_2,0.7643283771762613,0.686046511627907,0.3333333333333333,0.6762871735330127,0.5728155339805826,0.6762115629210046,0.3309121395649838,0.3497574191922374,0.3736059479553903,0.18120805369127516
avg,0.7561747817082957,0.6172700009550875,0.2597819127500878,0.6654977403190225,0.44631385158440445,0.6554970912990311,0.3048234470450071,0.45810961029280395,0.29741523416570453,0.12666663624545235
