wmc,dit,noc,cbo,rfc,lcom,ca,ce,npm,lcom3,loc,dam,moa,mfa,cam,ic,cbm,amc,max(cc),avg(cc),bugs
27,4,0,2,35,351,0,2,27,2.0,171,0.0,0,0.78333336,0.37962964,0,0,5.3333335,3,1.1111112,2
14,4,1,4,19,79,3,2,14,0.94505495,133,0.85714287,0,0.8586956,0.39285713,2,6,8.0,2,1.7142857,7
3,3,0,0,4,1,0,0,2,0.5,923,0.0,0,0.974359,1.0,0,0,306.33334,1,0.33333334,0
2,1,0,26,5,1,25,1,1,1.5561798,500,0.0,1,0.0,1.0,0,0,160.0,0,0.0,2
8,1,0,2,8,28,1,1,8,2.0,8,0.0,0,0.0,0.75,0,0,0.0,1,1.0,1
26,1,0,0,26,325,0,0,26,2.0,26,0.0,0,0.0,0.5,0,0,0.0,1,1.0,0
13,1,0,0,30,4,0,0,11,0.73333335,238,0.8,2,0.0,0.375,0,0,16.923077,4,1.4615384,0
8,1,0,2,8,28,1,1,8,1.1428572,10,0.0,0,0.0,0.5,0,0,0.0,1,1.0,1
1,1,0,1,2,0,1,1,0,2.0,9,0.5,1,0.0,1.0,0,0,6.0,0,0.0,0
3,1,0,2,4,1,2,0,3,0.5,29,0.0,0,0.0,0.6666667,0,0,7.6666665,1,0.6666667,1
2,2,0,9,14,1,1,9,0,2.0,109,0.0,0,0.90909094,0.5833333,1,1,53.5,6,3.0,8
3,3,0,1,5,3,1,0,0,2.0,13,0.0,0,0.9375,0.6666667,0,0,3.3333333,1,0.33333334,0
8,4,0,6,26,20,2,4,2,0.71428573,1028,1.0,0,0.9324324,0.31746033,1,10,127.25,9,2.625,1
11,1,0,5,37,0,0,5,11,0.71666664,332,1.0,3,0.0,0.3181818,0,0,28.636364,1,0.90909094,2
3,4,0,2,6,3,0,2,3,2.0,17,0.0,0,0.9791667,0.5,0,0,4.6666665,1,0.6666667,2
3,1,0,0,14,3,0,0,2,2.0,102,0.0,0,0.0,0.33333334,0,0,33.0,1,0.6666667,1
3,2,0,3,12,1,1,2,3,0.0,159,0.0,1,0.75,0.8888889,0,0,51.0,9,3.0,0
23,4,0,5,41,253,0,5,23,0.95454544,183,1.0,1,0.8103448,0.24637681,1,1,6.9130435,3,1.2173913,3
3,1,0,0,3,3,0,0,3,2.0,3,0.0,0,0.0,1.0,0,0,0.0,1,1.0,0
8,1,0,3,8,28,2,1,8,2.0,8,0.0,0,0.0,0.46875,0,0,0.0,1,1.0,1
9,1,7,12,11,20,11,1,6,0.825,77,1.0,3,0.0,0.5185185,0,0,7.0,2,1.1111112,2
2,1,0,2,2,1,1,1,2,2.0,2,0.0,0,0.0,0.75,0,0,0.0,1,1.0,1
6,2,0,6,13,15,1,5,6,2.0,39,0.0,0,0.42857143,0.33333334,0,0,5.5,1,0.6666667,1
8,1,0,1,14,0,0,1,5,1.0952381,318,0.09803922,0,0.0,0.14285715,0,0,32.375,2,1.375,16
3,1,0,6,10,0,3,3,3,0.8,66,0.0,3,0.0,0.44444445,0,0,17.666666,1,0.6666667,1
6,1,0,7,12,15,2,5,6,2.0,29,0.0,0,0.0,1.0,0,0,3.8333333,1,0.8333333,2
21,4,0,3,28,210,0,3,21,2.0,118,0.0,0,0.8039216,0.31428573,1,7,4.6190476,1,0.95238096,2
11,1,0,5,11,55,2,3,11,1.1,16,0.0,0,0.0,0.3272727,0,0,0.0,1,1.0,1
2,3,0,0,4,1,0,0,2,2.0,9,0.0,0,1.0,0.75,0,0,3.5,0,0.0,0
3,4,0,6,11,3,2,4,2,2.0,53,0.0,0,0.98571426,0.42857143,1,7,16.666666,1,0.33333334,1
3,2,0,3,6,0,1,2,3,0.0,36,1.0,1,0.8,0.6666667,0,0,10.666667,3,1.6666666,0
18,2,2,9,33,151,2,7,3,0.95098037,1365,1.0,0,0.4074074,0.2361111,1,1,74.5,2,0.9444444,1
7,1,0,22,7,21,22,0,7,2.0,7,0.0,0,0.0,1.0,0,0,0.0,1,1.0,0
11,2,0,7,15,43,6,1,11,0.75,177,0.5,0,0.54545456,0.33333334,1,9,14.909091,2,0.6363636,1
7,2,0,19,40,9,4,16,0,0.6111111,953,1.0,1,0.625,0.30952382,0,0,134.71428,67,11.857142,10
4,1,0,6,6,0,5,1,4,0.9649123,142,0.0,1,0.0,0.35714287,0,0,29.75,3,1.75,1
4,1,0,2,4,6,1,1,4,2.0,4,0.0,0,0.0,0.75,0,0,0.0,1,1.0,1
4,3,0,6,16,0,1,6,1,0.6666667,84,0.5,0,0.94,0.5,2,7,19.5,2,1.0,1
15,4,0,3,20,105,0,3,15,2.0,84,0.0,0,0.8541667,0.4,1,4,4.6,1,0.93333334,2
5,4,0,2,10,10,0,2,5,2.0,28,0.0,0,0.9591837,0.45,0,0,4.6,1,0.8,2
22,1,1,8,49,41,6,2,9,0.8435374,596,0.85714287,1,0.0,0.22727273,0,0,25.772728,11,2.4545455,8
10,1,0,4,10,45,0,4,10,2.0,10,0.0,0,0.0,0.5,0,0,0.0,1,1.0,1
11,1,1,2,13,35,2,0,11,0.9,87,0.1,2,0.0,0.3939394,0,0,6.0,1,0.90909094,1
7,4,0,3,10,21,0,3,7,2.0,39,0.0,0,0.9318182,0.5714286,1,6,4.571429,1,0.85714287,2
6,3,1,3,21,3,2,2,4,0.9,196,0.5,0,0.94736844,0.6111111,3,3,31.0,3,1.3333334,17
11,1,0,0,11,55,0,0,11,2.0,11,0.0,0,0.0,0.5151515,0,0,0.0,1,1.0,0
9,3,3,11,19,16,6,5,5,0.5,283,1.0,0,0.76666665,0.26984128,3,8,30.333334,3,1.2222222,1
1,1,0,2,3,0,1,1,0,2.0,14,0.0,1,0.0,1.0,0,0,8.0,0,0.0,0
36,1,0,0,69,246,0,0,35,0.8047619,436,1.0,6,0.0,0.12592593,0,0,10.944445,2,1.1388888,0
27,1,0,5,32,0,2,3,27,0.46153846,530,1.0,1,0.0,0.42962962,0,0,18.518518,8,2.4074075,2
78,4,1,42,166,2643,39,21,49,0.9448052,1258,0.8333333,3,0.5197368,0.12905844,2,19,14.974359,9,1.3333334,36
34,1,0,0,34,561,0,0,34,2.0,34,0.0,0,0.0,0.28235295,0,0,0.0,1,1.0,0
15,1,0,0,16,105,0,0,15,2.0,34,0.0,0,0.0,0.2857143,0,0,1.2666667,1,0.93333334,0
5,2,0,3,10,0,1,2,5,0.0,82,1.0,1,0.6666667,0.55,0,0,15.2,1,0.8,0
5,3,0,3,10,10,1,2,5,2.0,76,0.0,0,0.98550725,0.55,1,1,14.2,2,0.4,2
19,1,0,0,19,171,0,0,19,2.0,19,0.0,0,0.0,0.4385965,0,0,0.0,1,1.0,0
3,1,0,0,3,3,0,0,3,2.0,3,0.0,0,0.0,1.0,0,0,0.0,1,1.0,1
0,1,0,2,0,0,1,1,0,2.0,0,0.0,0,0.0,0.0,0,0,0.0,0,0.0,1
3,1,0,2,5,1,1,1,2,1.0,41,1.0,1,0.0,0.75,0,0,12.0,3,1.0,1
15,4,0,3,18,105,0,3,15,2.0,83,0.0,0,0.8541667,0.53333336,1,6,4.5333333,1,0.93333334,2
4,4,0,2,6,6,1,2,4,1.3333334,16,0.0,0,0.97530866,0.625,2,5,2.75,1,0.5,2
20,2,0,8,41,0,1,8,19,0.0,2692,1.0,1,0.42424244,0.22857143,1,1,133.55,5,1.65,0
5,2,0,7,8,4,5,2,5,2.0,161,0.0,0,0.72727275,0.46666667,1,4,31.2,5,2.2,2
9,1,0,3,16,0,1,2,8,0.45833334,108,1.0,2,0.0,0.4074074,0,0,10.666667,2,1.1111112,0
5,1,0,20,5,10,20,0,5,2.0,5,0.0,0,0.0,1.0,0,0,0.0,1,1.0,1
5,3,2,2,7,10,2,0,5,2.0,20,0.0,0,0.9444444,0.6,0,0,3.0,1,0.2,1
4,1,0,2,4,6,1,1,4,2.0,4,0.0,0,0.0,0.75,0,0,0.0,1,1.0,1
9,4,0,3,12,36,0,3,9,2.0,50,0.0,0,0.9111111,0.5555556,1,5,4.5555553,1,0.8888889,2
16,1,0,2,16,120,1,1,16,2.0,16,0.0,0,0.0,0.375,0,0,0.0,1,1.0,1
12,2,0,9,39,20,2,7,10,0.6262626,568,0.8888889,1,0.23076923,0.27380952,0,0,45.583332,2,1.0,2
10,1,1,8,18,0,6,3,10,0.46296296,332,1.0,0,0.0,0.3,0,0,31.6,6,1.7,5
2,1,0,2,2,1,1,1,2,2.0,2,0.0,0,0.0,0.75,0,0,0.0,1,1.0,1
7,4,0,3,10,21,0,3,7,2.0,39,0.0,0,0.9318182,0.5714286,1,6,4.571429,1,0.85714287,2
6,1,0,2,7,0,1,2,6,0.3,90,1.0,1,0.0,0.45833334,0,0,13.666667,3,1.3333334,0
3,1,0,0,3,3,0,0,3,2.0,3,0.0,0,0.0,0.7777778,0,0,0.0,1,1.0,0
1,1,0,0,1,0,0,0,1,2.0,1,0.0,0,0.0,1.0,0,0,0.0,1,1.0,0
7,4,0,2,11,21,0,2,7,2.0,43,0.0,0,0.94,0.5714286,0,0,5.142857,1,0.85714287,2
15,1,0,18,22,21,16,2,14,0.9661654,268,0.2631579,3,0.0,0.21111111,1,1,15.6,3,1.5333333,7
2,1,0,0,2,1,0,0,2,2.0,2,0.0,0,0.0,1.0,0,0,0.0,1,1.0,0
6,1,0,2,6,15,1,1,6,2.0,6,0.0,0,0.0,0.75,0,0,0.0,1,1.0,1
5,1,0,8,8,0,4,6,5,0.5,34,1.0,2,0.0,0.4,0,0,5.4,1,0.8,7
1,1,0,2,2,0,2,0,1,2.0,20,0.0,0,0.0,1.0,0,0,15.0,0,0.0,0
2,1,0,5,2,1,4,1,2,2.0,2,0.0,0,0.0,0.75,0,0,0.0,1,1.0,1
2,1,0,0,2,1,0,0,2,2.0,2,0.0,0,0.0,0.75,0,0,0.0,1,1.0,0
3,4,0,2,6,3,0,2,3,2.0,17,0.0,0,0.9791667,0.6666667,0,0,4.6666665,1,0.6666667,2
12,1,0,9,18,18,9,0,6,0.892562,845,0.09090909,0,0.0,0.4181818,0,0,68.5,22,7.75,8
6,2,0,4,14,0,2,2,2,0.2,154,1.0,2,0.61538464,0.41666666,1,2,24.333334,7,2.8333333,2
1,1,0,0,1,0,0,0,1,2.0,1,0.0,0,0.0,1.0,0,0,0.0,1,1.0,0
6,2,0,12,19,15,6,6,6,2.0,82,0.0,0,0.73333335,0.30952382,1,1,12.666667,2,0.8333333,1
10,2,0,5,32,21,1,4,7,0.9166667,190,0.625,3,0.6086956,0.26666668,1,1,17.2,2,1.0,8
5,1,0,0,5,10,0,0,5,2.0,5,0.0,0,0.0,0.7,0,0,0.0,1,1.0,0
2,1,0,16,2,1,16,0,2,2.0,4,0.0,0,0.0,1.0,0,0,0.0,1,1.0,0
0,1,0,8,0,0,8,0,0,2.0,0,0.0,0,0.0,0.0,0,0,0.0,0,0.0,1
21,4,0,2,25,210,0,2,21,2.0,120,0.0,0,0.8245614,0.52380955,0,0,4.714286,1,0.95238096,3
6,1,0,1,8,3,1,0,4,0.6,74,1.0,0,0.0,0.75,0,0,11.0,3,1.1666666,0
13,1,0,0,13,78,0,0,13,2.0,13,0.0,0,0.0,0.46153846,0,0,0.0,1,1.0,0
10,2,0,13,35,0,3,10,8,0.37777779,537,1.0,0,0.6111111,0.3,1,2,52.2,4,1.3,1
4,1,0,2,4,6,1,1,4,2.0,4,0.0,0,0.0,0.75,0,0,0.0,1,1.0,1
8,1,0,2,8,28,1,1,8,2.0,8,0.0,0,0.0,0.75,0,0,0.0,1,1.0,1
8,1,0,1,13,4,1,0,7,0.5714286,424,1.0,0,0.0,0.5,0,0,51.75,1,0.75,13
2,1,0,0,2,1,0,0,2,2.0,2,0.0,0,0.0,0.75,0,0,0.0,1,1.0,0
10,1,0,11,10,45,10,1,10,1.1111112,15,0.0,0,0.0,0.46666667,0,0,0.0,1,1.0,1
9,4,0,2,12,36,0,2,9,2.0,50,0.0,0,0.92156863,0.5555556,0,0,4.5555553,1,0.8888889,2
5,3,0,0,7,10,0,0,5,2.0,20,0.0,0,0.9444444,0.6,0,0,3.0,1,0.2,1
8,5,0,6,23,0,4,2,8,0.5714286,183,1.0,0,0.75,0.40625,1,1,21.25,8,1.625,1
16,1,0,7,16,120,2,5,16,1.0666667,20,0.0,0,0.0,0.1953125,0,0,0.0,1,1.0,1
5,4,0,11,17,10,6,5,5,2.0,80,0.0,0,0.90909094,0.31428573,0,0,15.0,1,0.6,1
4,4,0,7,8,6,2,5,4,2.0,29,0.0,0,1.0,0.5,0,0,6.25,0,0.0,5
5,1,0,13,5,10,11,2,5,2.0,5,0.0,0,0.0,0.4,0,0,0.0,1,1.0,2
57,1,3,10,126,920,3,7,38,0.7714286,2036,0.93333334,4,0.0,0.13630229,0,0,34.45614,7,1.245614,15
8,1,0,2,8,28,1,1,8,2.0,8,0.0,0,0.0,0.75,0,0,0.0,1,1.0,1
3,1,0,0,3,3,0,0,3,2.0,3,0.0,0,0.0,0.6666667,0,0,0.0,1,1.0,1
38,1,0,0,38,703,0,0,38,2.0,38,0.0,0,0.0,0.35526314,0,0,0.0,1,1.0,0
12,1,0,0,24,0,0,0,12,0.3030303,178,0.0,0,0.0,0.4375,0,0,13.583333,2,1.25,0
7,3,0,9,20,21,2,7,4,2.0,194,0.0,0,0.8214286,0.3809524,2,6,26.714285,12,2.2857144,1
35,4,0,3,43,595,0,3,35,2.0,200,0.0,0,0.734375,0.30857143,0,0,4.714286,1,0.9714286,3
7,3,3,11,22,21,5,6,4,2.0,217,0.0,0,0.84375,0.33333334,0,0,30.0,1,0.71428573,1
2,2,0,8,6,0,2,6,1,0.0,36,1.0,1,0.9230769,0.625,1,2,16.5,1,0.5,0
7,4,0,3,10,21,0,3,7,2.0,39,0.0,0,0.9318182,0.5714286,1,6,4.571429,1,0.85714287,2
1,1,0,0,1,0,0,0,1,2.0,17,0.0,0,0.0,1.0,0,0,0.0,1,1.0,0
2,1,0,0,2,1,0,0,2,2.0,2,0.0,0,0.0,1.0,0,0,0.0,1,1.0,0
14,1,0,0,25,33,0,0,12,0.6923077,91,1.0,2,0.0,0.3857143,0,0,5.357143,3,1.0714285,0
20,4,0,11,49,112,2,9,3,0.7894737,840,1.0,0,0.64,0.19545455,3,13,40.9,5,1.45,1
8,1,0,0,8,28,0,0,8,2.0,8,0.0,0,0.0,0.5,0,0,0.0,1,1.0,0
9,2,0,4,18,0,2,2,3,0.625,118,1.0,0,0.5,0.3888889,1,2,11.777778,2,1.3333334,3
14,1,0,6,14,91,6,0,14,2.0,14,0.0,0,0.0,0.375,0,0,0.0,1,1.0,0
17,4,0,2,23,136,0,2,17,2.0,96,0.0,0,0.8545455,0.3970588,0,0,4.647059,1,0.9411765,3
5,1,0,2,6,0,1,1,0,0.4722222,97,0.0,1,0.0,0.48,0,0,16.6,4,1.4,0
7,3,0,11,26,21,3,8,4,2.0,207,0.0,0,0.8214286,0.40816328,2,6,28.571428,2,0.85714287,1
6,1,0,0,6,15,0,0,6,2.0,6,0.0,0,0.0,1.0,0,0,0.0,1,1.0,0
53,1,0,32,143,1146,13,20,20,0.90617716,6643,0.09090909,6,0.0,0.1923077,1,1,123.71698,147,13.358491,6
2,1,0,0,2,1,0,0,2,2.0,2,0.0,0,0.0,0.75,0,0,0.0,1,1.0,0
3,1,0,1,6,0,1,1,2,0.0,19,1.0,1,0.0,0.5555556,0,0,5.0,1,0.6666667,0
7,2,1,4,12,15,3,2,7,0.9166667,80,0.75,0,0.88,0.52380955,1,4,9.857142,3,1.8571428,4
9,1,2,10,16,0,9,1,9,0.5,86,1.0,0,0.0,0.7037037,0,0,8.333333,2,1.1111112,2
29,3,0,9,30,406,0,9,29,1.0357143,63,1.0,1,0.06666667,0.26600984,0,0,1.137931,1,0.9655172,2
4,1,0,0,4,6,0,0,4,2.0,4,0.0,0,0.0,0.5,0,0,0.0,1,1.0,0
4,1,0,0,4,6,0,0,4,2.0,4,0.0,0,0.0,0.5,0,0,0.0,1,1.0,0
5,4,0,2,8,10,0,2,5,2.0,28,0.0,0,0.9591837,0.6,0,0,4.6,1,0.8,2
4,1,0,1,8,0,1,0,2,1.0,318,1.0,0,0.0,0.75,0,0,77.75,8,4.25,0
8,1,1,3,20,22,1,3,6,0.9285714,108,0.5,0,0.0,0.2857143,0,0,12.25,1,0.75,4
46,1,0,51,178,461,6,47,28,0.8979167,3157,0.375,21,0.0,0.15714286,0,0,66.23913,51,4.8913045,62
9,1,0,4,15,0,2,2,8,0.1875,243,1.0,1,0.0,0.42222223,0,0,25.777779,6,2.1111112,1
1,1,0,3,1,0,1,2,1,2.0,1,0.0,0,0.0,1.0,0,0,0.0,1,1.0,1
0,1,0,2,0,0,1,1,0,2.0,0,0.0,0,0.0,0.0,0,0,0.0,0,0.0,1
20,1,0,2,20,190,1,1,20,2.0,20,0.0,0,0.0,0.375,0,0,0.0,1,1.0,1
2,2,0,5,11,1,1,5,0,1.0,95,1.0,1,0.8,0.6,1,1,46.0,1,0.5,0
5,1,0,1,5,10,1,0,5,2.0,5,0.0,0,0.0,1.0,0,0,0.0,1,1.0,6
11,1,0,11,41,0,2,11,11,0.66,347,1.0,1,0.0,0.3090909,0,0,30.09091,4,1.5454545,0
11,1,8,29,59,5,9,24,0,0.9266667,1209,0.8,5,0.0,0.21212122,0,0,107.545456,40,9.0,11
0,1,0,2,0,0,2,0,0,2.0,0,0.0,0,0.0,0.0,0,0,0.0,0,0.0,0
3,1,0,2,3,3,2,0,3,2.0,3,0.0,0,0.0,0.5,0,0,0.0,1,1.0,2
2,2,0,9,3,1,8,1,1,1.0,18,0.0,0,1.0,1.0,0,0,6.5,0,0.0,1
4,2,0,4,8,4,0,4,3,0.6666667,31,0.0,1,0.6666667,0.44444445,0,0,6.5,1,0.5,2
23,1,0,0,23,253,0,0,23,2.0,23,0.0,0,0.0,0.3478261,0,0,0.0,1,1.0,0
1,1,0,0,1,0,0,0,1,2.0,1,0.0,0,0.0,1.0,0,0,0.0,1,1.0,0
7,4,0,3,10,21,0,3,7,2.0,39,0.0,0,0.9318182,0.5714286,1,4,4.571429,1,0.85714287,2
14,2,0,10,38,71,3,7,10,0.71794873,219,1.0,2,0.2,0.21428572,0,0,14.214286,6,1.2857143,1
12,1,0,0,12,66,0,0,12,2.0,12,0.0,0,0.0,0.5,0,0,0.0,1,1.0,0
1,4,0,3,2,0,0,3,1,2.0,6,0.0,0,1.0,1.0,0,0,5.0,0,0.0,2
5,4,0,3,8,10,0,3,5,2.0,28,0.0,0,0.95348835,0.6,1,4,4.6,1,0.8,2
3,3,0,0,4,1,0,0,2,0.5,247,0.0,0,0.974359,1.0,0,0,81.0,1,0.33333334,0
8,1,0,2,14,0,2,0,7,0.35714287,144,1.0,0,0.0,0.625,0,0,16.75,4,1.375,1
31,1,0,28,98,301,9,22,24,0.9494253,1373,0.9655172,6,0.0,0.16969697,0,0,42.35484,39,2.903226,40
4,1,0,36,4,6,36,0,4,2.0,4,0.0,0,0.0,0.75,0,0,0.0,1,1.0,1
2,1,0,2,2,1,1,1,2,2.0,2,0.0,0,0.0,0.75,0,0,0.0,1,1.0,1
9,1,0,0,24,0,0,0,0,0.5833333,322,0.44444445,2,0.0,0.35555556,0,0,33.77778,8,2.8888888,0
1,1,0,4,2,0,4,0,1,2.0,20,0.0,0,0.0,1.0,0,0,15.0,0,0.0,6
8,2,0,6,15,26,2,4,7,0.71428573,48,1.0,1,0.33333334,0.2857143,0,0,4.875,1,0.75,1
12,1,0,3,22,0,3,1,6,0.530303,332,0.0,0,0.0,0.35,0,0,26.166666,8,2.75,1
5,1,0,5,6,10,1,4,5,1.25,47,1.0,0,0.0,0.5,0,0,8.2,2,1.2,3
6,1,1,6,16,7,2,4,2,1.0081632,1857,1.0,1,0.0,0.68,0,0,300.33334,10,3.3333333,0
1,1,0,4,2,0,3,1,1,2.0,16,0.0,1,0.0,1.0,0,0,12.0,0,0.0,7
1,1,0,1,1,0,1,1,1,2.0,1,0.0,0,0.0,1.0,0,0,0.0,1,1.0,0
5,1,0,4,8,0,3,1,5,0.375,35,1.0,1,0.0,0.6,0,0,5.6,1,0.8,1
1,1,0,14,1,0,14,0,1,2.0,1,0.0,0,0.0,1.0,0,0,0.0,1,1.0,2
4,1,0,6,13,0,4,2,3,0.0,87,0.0,1,0.0,0.4375,0,0,20.25,5,1.5,0
1,1,0,0,2,0,0,0,1,2.0,8,0.0,0,0.0,1.0,0,0,3.0,0,0.0,2
2,1,0,0,2,1,0,0,2,2.0,2,0.0,0,0.0,0.75,0,0,0.0,1,1.0,0
12,1,0,24,34,66,7,17,10,2.0,558,0.0,0,0.0,0.17948718,0,0,45.5,13,6.4166665,13
14,1,0,0,14,91,0,0,14,2.0,14,0.0,0,0.0,0.20634921,0,0,0.0,1,1.0,0
10,2,0,1,19,0,1,0,10,0.6666667,112,0.6666667,0,0.5555556,0.34,1,2,9.9,1,0.8,2
48,1,0,12,63,912,10,2,48,0.90705484,598,1.0,1,0.0,0.22023809,0,0,11.0625,12,1.625,5
30,4,4,16,79,57,10,9,24,0.7356322,683,0.6666667,1,0.7383177,0.33333334,2,14,21.666666,11,2.7333333,21
10,1,0,3,13,25,3,1,10,0.9444444,139,0.0,0,0.0,0.35,1,1,11.1,6,1.2,1
2,1,0,1,5,0,1,0,2,0.0,47,0.0,1,0.0,0.625,0,0,20.5,0,0.0,0
63,1,1,28,98,1703,6,22,27,0.933871,3757,0.98,10,0.0,0.0959596,0,0,57.84127,28,3.2222223,1
17,1,1,0,22,100,0,0,16,0.875,100,1.0,0,0.0,0.36764705,0,0,4.529412,1,0.9411765,0
15,1,0,2,28,0,1,1,14,0.071428575,90,1.0,1,0.0,0.46666667,0,0,4.9333334,1,0.93333334,0
2,4,0,4,3,0,4,0,2,0.0,13,0.0,0,0.9444444,0.6666667,0,0,5.0,1,0.5,1
44,3,9,18,71,766,9,9,5,0.980897,1970,1.0,0,0.39130434,0.19318181,1,6,43.136364,20,2.5681818,1
3,1,0,0,3,3,0,0,3,2.0,3,0.0,0,0.0,0.6666667,0,0,0.0,1,1.0,0
4,2,0,3,14,0,3,1,1,0.0,150,0.0,0,0.94,0.875,1,2,36.25,23,6.75,0
9,1,0,13,38,10,2,11,5,0.76785713,309,0.5714286,0,0.0,0.2857143,0,0,32.555557,2,1.1111112,0
12,1,2,21,20,42,21,2,10,0.93939394,190,0.6666667,2,0.0,0.21428572,1,1,14.083333,7,1.75,5
1,1,0,8,1,0,7,1,1,2.0,1,0.0,0,0.0,1.0,0,0,0.0,1,1.0,1
0,1,0,2,0,0,1,1,0,2.0,0,0.0,0,0.0,0.0,0,0,0.0,0,0.0,1
19,4,0,11,39,133,2,9,3,2.0,442,0.0,0,0.6530612,0.20574163,2,11,22.263159,5,1.3157895,1
3,4,0,2,6,3,1,2,3,2.0,17,0.0,0,0.9791667,0.6666667,0,0,4.6666665,1,0.6666667,2
10,1,0,0,15,37,0,0,10,0.7777778,64,1.0,0,0.0,0.375,0,0,5.0,1,0.8,0
9,1,0,4,24,10,3,1,8,1.0855263,1343,0.10526316,1,0.0,0.4375,0,0,141.88889,7,1.7777778,0
2,1,0,0,2,1,0,0,2,2.0,2,0.0,0,0.0,0.75,0,0,0.0,1,1.0,0
39,2,0,10,72,277,1,9,2,1.0,804,1.0,0,0.5714286,0.18421052,1,10,19.461538,12,1.5641025,6
11,3,35,39,20,55,36,4,7,2.0,93,0.0,0,0.8780488,0.43636364,2,3,7.4545455,3,1.2727273,2
5,2,0,2,10,0,1,1,5,0.0,84,1.0,1,0.6,0.48,0,0,15.6,1,0.8,0
3,4,0,2,6,3,0,2,3,2.0,17,0.0,0,0.9791667,0.6666667,0,0,4.6666665,1,0.6666667,2
2,1,0,0,2,1,0,0,2,2.0,2,0.0,0,0.0,0.75,0,0,0.0,1,1.0,0
38,4,0,3,49,703,0,3,38,2.0,229,0.0,0,0.71755725,0.29473683,1,3,5.0263157,3,1.0789474,2
9,4,0,2,15,36,0,2,9,2.0,52,0.0,0,0.92156863,0.41666666,0,0,4.7777777,1,0.8888889,2
3,4,0,6,11,3,2,4,2,2.0,57,0.0,0,0.98571426,0.42857143,1,7,18.0,1,0.33333334,1
1,1,0,8,2,0,7,1,1,2.0,20,0.0,1,0.0,1.0,0,0,15.0,0,0.0,0
2,3,0,0,3,0,0,0,0,0.0,13,1.0,0,0.9444444,0.6666667,0,0,5.0,1,0.5,0
7,1,0,8,16,0,0,8,7,0.6388889,113,0.6666667,2,0.0,0.35714287,0,0,14.285714,3,1.2857143,4
10,1,0,46,16,15,46,0,10,0.055555556,235,0.0,0,0.0,0.375,1,1,22.1,8,2.1,3
11,1,0,7,18,0,4,3,9,0.3,242,1.0,1,0.0,0.4090909,0,0,20.818182,4,1.8181819,0
35,1,0,0,35,595,0,0,35,2.0,35,0.0,0,0.0,0.37142858,0,0,0.0,1,1.0,0
5,4,0,2,11,10,0,2,5,2.0,30,0.0,0,0.9591837,0.45,0,0,5.0,1,0.8,2
4,3,0,3,6,4,2,2,4,0.6666667,109,1.0,1,0.85714287,0.4,2,2,25.0,1,0.75,0
2,2,2,17,20,1,2,15,1,2.0,269,0.0,0,0.90909094,0.5714286,0,0,133.5,16,8.0,2
6,1,0,0,6,15,0,0,6,1.2,9,0.0,0,0.0,0.33333334,0,0,0.0,1,1.0,0
4,2,0,4,11,2,3,2,4,0.94871795,123,0.07692308,1,0.5714286,0.375,0,0,26.5,2,1.0,0
3,3,0,3,4,0,2,1,0,0.5,21,0.0,0,0.9230769,0.6666667,0,0,5.3333335,1,0.6666667,0
6,1,0,0,36,15,0,0,0,0.93333334,304,0.33333334,0,0.0,0.33333334,0,0,49.166668,1,0.8333333,1
26,1,0,0,26,325,0,0,26,2.0,26,0.0,0,0.0,0.4871795,0,0,0.0,1,1.0,0
1,1,0,8,1,0,5,3,1,2.0,1,0.0,0,0.0,1.0,0,0,0.0,1,1.0,0
16,1,0,0,16,120,0,0,16,2.0,16,0.0,0,0.0,0.375,0,0,0.0,1,1.0,0
3,1,0,9,3,3,7,2,3,2.0,3,0.0,0,0.0,1.0,0,0,0.0,1,1.0,1
6,1,0,2,7,7,1,1,5,0.8,39,1.0,0,0.0,0.44444445,0,0,4.8333335,1,0.8333333,0
4,2,0,12,16,4,3,11,0,2.0,138,0.0,0,0.7692308,0.5714286,1,2,33.5,4,2.0,4
26,1,0,0,40,0,0,0,24,0.08,763,0.0,0,0.0,0.52884614,0,0,28.26923,5,2.6538463,1
14,2,0,5,86,41,1,4,10,2.0,1128,0.0,0,0.8484849,0.24603175,2,7,79.57143,7,1.2142857,24
3,1,0,0,3,3,0,0,3,2.0,3,0.0,0,0.0,0.6666667,0,0,0.0,1,1.0,0
11,4,0,3,14,55,0,3,11,2.0,61,0.0,0,0.8913044,0.54545456,1,4,4.5454545,1,0.90909094,2
36,2,0,21,124,134,1,20,11,0.8516129,3317,1.0,9,0.33333334,0.18730159,2,4,90.27778,2,1.0555556,21
4,2,0,2,8,4,0,2,2,0.6666667,31,1.0,1,0.6666667,0.5,0,0,6.5,1,0.5,1
25,4,0,3,32,300,0,3,25,2.0,142,0.0,0,0.7735849,0.312,1,7,4.68,1,0.96,2
2,1,0,0,2,1,0,0,2,2.0,2,0.0,0,0.0,0.75,0,0,0.0,1,1.0,0
10,1,0,15,20,19,10,6,9,0.90123457,310,0.11111111,5,0.0,0.4,0,0,28.2,3,1.4,10
21,2,1,14,46,162,1,13,15,0.98571426,323,1.0,4,0.30769232,0.12585033,2,7,13.714286,2,0.9047619,2
5,4,0,3,8,10,0,3,5,2.0,28,0.0,0,0.95348835,0.6,1,4,4.6,1,0.8,2
5,1,1,4,21,0,3,2,4,0.25,264,1.0,1,0.0,0.44,0,0,50.6,22,6.0,1
11,4,0,3,14,55,0,3,11,2.0,61,0.0,0,0.8913044,0.54545456,1,6,4.5454545,1,0.90909094,2
3,2,0,9,15,1,1,9,3,0.5,100,1.0,2,0.85714287,0.5,1,2,31.666666,1,0.6666667,0
15,1,1,16,16,105,13,3,15,2.0,18,0.0,0,0.0,0.32,0,0,0.2,1,0.93333334,7
42,2,0,18,89,673,2,16,35,0.9512195,1494,0.75,7,0.60194176,0.17748918,2,12,33.809525,5,1.2619047,12
10,1,1,3,21,19,1,2,8,0.4888889,195,1.0,1,0.0,0.35,0,0,18.0,4,1.4,1
1,1,0,3,1,0,1,2,1,2.0,1,0.0,0,0.0,1.0,0,0,0.0,1,1.0,4
0,1,0,5,0,0,3,2,0,2.0,0,0.0,0,0.0,0.0,0,0,0.0,0,0.0,1
4,1,0,0,4,6,0,0,4,2.0,4,0.0,0,0.0,0.5,0,0,0.0,1,1.0,0
2,1,0,0,2,1,0,0,2,2.0,2,0.0,0,0.0,0.75,0,0,0.0,1,1.0,0
7,1,0,14,10,1,11,6,7,0.6666667,47,1.0,2,0.0,0.31428573,0,0,5.285714,1,0.85714287,9
3,2,0,9,21,1,2,9,0,2.0,209,0.0,0,0.8333333,0.6111111,1,1,68.666664,7,4.0,4
18,1,0,18,18,153,13,5,18,2.0,18,0.0,0,0.0,0.3425926,0,0,0.0,1,1.0,1
7,4,0,3,10,21,0,3,7,2.0,39,0.0,0,0.9318182,0.5714286,1,6,4.571429,1,0.85714287,2
3,1,0,3,3,3,0,3,3,2.0,3,0.0,0,0.0,0.6666667,0,0,0.0,1,1.0,2
2,1,0,4,12,0,1,4,1,0.0,167,1.0,1,0.0,0.6666667,0,0,82.0,1,0.5,0
13,1,0,1,13,78,0,1,13,2.0,13,0.0,0,0.0,0.40384614,0,0,0.0,1,1.0,1
7,4,0,2,11,21,0,2,7,2.0,43,0.0,0,0.94,0.5714286,0,0,5.142857,1,0.85714287,2
5,4,0,2,10,10,0,2,5,2.0,31,0.0,0,0.9591837,0.45,1,2,5.2,1,0.8,2
20,4,0,6,42,190,2,6,19,1.0,284,0.0,1,0.8318584,0.275,0,0,13.15,4,2.0,4
3,1,0,1,4,3,1,0,2,2.0,10,0.0,0,0.0,0.6666667,0,0,2.3333333,1,0.6666667,0
5,4,0,3,10,10,0,3,5,2.0,52,0.0,0,0.9591837,0.6,0,0,9.4,3,1.6,2
3,1,0,1,3,3,1,0,3,2.0,3,0.0,0,0.0,0.8333333,0,0,0.0,1,1.0,0
1,1,0,2,1,0,2,0,1,2.0,47,0.0,0,0.0,1.0,0,0,0.0,1,1.0,1
2,1,0,2,2,1,1,1,2,2.0,2,0.0,0,0.0,0.75,0,0,0.0,1,1.0,1
7,4,0,2,12,21,0,2,7,2.0,39,0.0,0,0.94,0.42857143,0,0,4.571429,1,0.85714287,2
3,3,0,4,10,0,1,4,1,0.75,50,0.5,0,0.96153843,0.5555556,2,3,15.0,1,0.6666667,2
4,1,0,0,4,6,0,0,4,2.0,4,0.0,0,0.0,1.0,0,0,0.0,1,1.0,0
6,1,0,6,16,0,5,1,6,0.0,108,1.0,1,0.0,0.5555556,0,0,16.666666,4,1.8333334,0
1,1,0,3,1,0,2,1,1,2.0,1,0.0,0,0.0,1.0,0,0,0.0,1,1.0,1
6,3,0,0,11,0,0,0,6,0.0,52,1.0,0,0.8947368,0.5555556,1,1,7.5,3,0.6666667,0
2,1,0,2,2,1,1,1,2,2.0,2,0.0,0,0.0,0.75,0,0,0.0,1,1.0,1
5,1,0,12,15,0,11,1,4,0.9632353,429,0.0882353,0,0.0,0.5,0,0,78.0,1,0.6,1
1,1,0,0,1,0,0,0,1,2.0,1,0.0,0,0.0,1.0,0,0,0.0,1,1.0,0
4,2,0,4,10,0,3,2,1,0.33333334,40,0.0,0,0.94,0.5833333,1,2,8.5,2,1.0,0
2,1,0,0,2,1,0,0,2,2.0,2,0.0,0,0.0,0.75,0,0,0.0,1,1.0,0
18,1,0,2,18,153,1,1,18,2.0,18,0.0,0,0.0,0.75,0,0,0.0,1,1.0,1
10,1,0,5,10,45,2,3,10,1.1111112,13,0.0,0,0.0,0.3,0,0,0.0,1,1.0,1
5,1,0,5,18,4,2,3,5,0.25,82,1.0,1,0.0,0.53333336,0,0,15.2,1,0.6,1
5,4,0,2,8,10,0,2,5,2.0,28,0.0,0,0.9591837,0.6,0,0,4.6,1,0.8,2
19,4,0,3,24,171,0,3,19,2.0,107,0.0,0,0.82,0.39473686,1,6,4.631579,1,0.94736844,2
3,1,0,3,3,3,0,3,3,1.5,5,0.0,0,0.0,0.6666667,0,0,0.0,1,1.0,0
2,1,0,2,2,1,1,1,2,2.0,2,0.0,0,0.0,0.75,0,0,0.0,1,1.0,1
17,1,1,0,37,136,0,0,16,2.0,254,0.0,0,0.0,0.30882353,0,0,13.941176,1,0.9411765,0
1,1,0,1,2,0,1,0,0,2.0,12,0.0,0,0.0,1.0,0,0,9.0,0,0.0,0
1,1,0,1,1,0,0,1,1,2.0,1,0.0,0,0.0,1.0,0,0,0.0,1,1.0,0
14,1,0,9,26,21,5,4,13,0.75641024,159,1.0,3,0.0,0.35384616,0,0,9.928572,3,1.2857143,2
5,4,0,2,10,10,0,2,5,2.0,52,0.0,0,0.9591837,0.6,0,0,9.4,3,1.6,2
4,1,0,11,4,6,8,3,4,1.3333334,6,0.0,0,0.0,0.5625,0,0,0.0,1,1.0,3
15,1,0,0,15,105,0,0,15,2.0,15,0.0,0,0.0,0.4888889,0,0,0.0,1,1.0,0
1,1,0,9,1,0,8,1,1,2.0,1,0.0,0,0.0,1.0,0,0,0.0,1,1.0,0
5,4,0,3,8,10,0,3,5,2.0,28,0.0,0,0.95348835,0.6,1,4,4.6,1,0.8,2
23,4,0,3,26,253,0,3,23,2.0,127,0.0,0,0.78846157,0.5217391,1,6,4.521739,1,0.95652175,2
1,1,0,2,1,0,1,1,1,2.0,1,0.0,0,0.0,1.0,0,0,0.0,1,1.0,0
9,4,0,2,13,36,0,2,9,2.0,52,0.0,0,0.92156863,0.5555556,1,1,4.7777777,1,0.8888889,2
12,1,1,0,22,66,0,0,11,2.0,100,0.0,0,0.0,0.23809524,0,0,7.3333335,1,0.9166667,0
20,3,1,31,61,174,4,27,8,0.9530075,617,1.0,10,0.61904764,0.2,3,5,28.45,4,0.95,7
0,1,0,2,0,0,1,1,0,2.0,0,0.0,0,0.0,0.0,0,0,0.0,0,0.0,1
2,1,0,0,2,1,0,0,2,2.0,2,0.0,0,0.0,0.75,0,0,0.0,1,1.0,0
13,1,0,1,24,8,1,1,9,0.6875,380,1.0,4,0.0,0.30769232,0,0,27.615385,11,4.230769,2
4,4,0,6,15,6,2,4,2,2.0,120,0.0,0,0.97183096,0.39285713,1,8,29.0,1,0.5,1
2,2,0,6,3,0,4,2,2,0.0,17,1.0,1,0.9166667,0.6666667,1,1,7.0,1,0.5,2
4,4,0,6,21,6,2,4,2,1.3333334,198,1.0,0,0.97183096,0.39285713,1,9,48.25,1,0.5,1
4,1,0,0,4,6,0,0,4,2.0,4,0.0,0,0.0,0.75,0,0,0.0,1,1.0,0
1,1,0,10,1,0,8,2,1,2.0,1,0.0,0,0.0,1.0,0,0,0.0,1,1.0,1
38,2,2,13,98,421,10,4,24,0.8175676,1100,0.75,1,0.556962,0.17417417,1,17,27.842106,11,2.6052632,16
4,1,0,1,5,0,1,0,0,0.0,28,1.0,0,0.0,0.625,0,0,5.75,2,1.0,0
3,3,0,1,5,0,1,1,0,0.0,37,0.5,1,1.0,0.75,0,0,10.666667,0,0.0,0
12,1,6,14,18,50,8,6,11,0.93636364,98,0.9,4,0.0,0.25,0,0,6.3333335,1,0.9166667,1
14,3,3,7,35,17,3,4,11,0.71794873,291,0.6666667,1,0.8064516,0.48076922,1,1,19.571428,3,1.3571428,3
6,1,0,0,6,15,0,0,6,2.0,6,0.0,0,0.0,0.75,0,0,0.0,1,1.0,0
2,4,0,3,4,1,3,0,2,2.0,9,0.0,0,1.0,0.75,0,0,3.5,0,0.0,0
5,2,0,6,11,0,1,6,0,0.0,64,1.0,1,0.5555556,0.46666667,1,2,11.6,1,0.8,0
2,1,0,2,2,1,1,1,2,2.0,2,0.0,0,0.0,0.75,0,0,0.0,1,1.0,1
6,3,1,4,10,9,3,2,6,0.9,46,0.5,0,0.91525424,0.5,1,5,6.3333335,2,1.3333334,3
17,1,0,8,54,134,7,3,5,0.9375,867,0.0,1,0.0,0.2125,0,0,49.882355,19,4.7058825,2
3,4,1,3,4,3,2,2,3,1.5,13,0.0,0,0.9677419,0.5555556,1,4,3.0,1,0.6666667,1
14,4,0,5,29,91,2,4,12,1.0,172,1.0,1,0.8785047,0.35714287,0,0,11.214286,4,1.7857143,3
5,1,0,0,5,10,0,0,5,2.0,5,0.0,0,0.0,0.7,0,0,0.0,1,1.0,0
36,4,0,6,58,630,1,6,35,1.0,471,1.0,2,0.72868216,0.21428572,0,0,12.027778,7,2.0,4
1,1,0,3,2,0,3,1,0,2.0,10,0.33333334,2,0.0,1.0,0,0,6.0,0,0.0,0
4,1,0,0,4,6,0,0,4,2.0,4,0.0,0,0.0,0.75,0,0,0.0,1,1.0,0
4,3,0,4,12,0,1,4,1,0.6666667,58,0.5,0,0.95238096,0.5,2,7,13.0,2,1.0,2
7,1,0,52,7,21,49,3,7,1.1666666,26,0.0,0,0.0,0.39285713,0,0,0.0,1,1.0,1
4,3,0,6,5,2,6,0,4,0.33333334,31,0.0,0,0.8947368,0.5833333,0,0,6.25,1,0.5,1
2,1,0,2,11,0,1,1,2,0.6666667,86,0.6666667,0,0.0,0.625,0,0,40.5,1,0.5,1
2,1,0,5,2,1,1,4,2,2.0,2,0.0,0,0.0,0.6666667,0,0,0.0,1,1.0,1
1,1,0,0,1,0,0,0,1,2.0,1,0.0,0,0.0,1.0,0,0,0.0,1,1.0,0
3,1,0,0,8,3,0,0,2,2.0,25,0.0,0,0.0,0.33333334,0,0,7.3333335,1,0.6666667,1
1,1,0,4,2,0,4,0,1,2.0,15,0.0,0,0.0,1.0,0,0,3.0,0,0.0,2
2,1,0,0,2,1,0,0,2,2.0,2,0.0,0,0.0,0.75,0,0,0.0,1,1.0,0
6,4,0,7,19,15,2,5,5,1.1333333,80,0.33333334,0,0.90909094,0.31428573,0,0,11.833333,1,0.5,1
3,4,0,4,7,0,1,4,1,0.75,33,0.5,0,0.9661017,0.5555556,2,7,9.333333,1,0.6666667,1
10,1,0,2,10,45,1,1,10,2.0,10,0.0,0,0.0,0.75,0,0,0.0,1,1.0,1
0,1,0,3,0,0,1,2,0,2.0,0,0.0,0,0.0,0.0,0,0,0.0,0,0.0,1
3,4,0,2,7,3,0,2,3,2.0,19,0.0,0,0.9791667,0.6666667,0,0,5.3333335,1,0.6666667,2
15,1,2,26,41,37,7,19,12,0.82539684,870,1.0,4,0.0,0.18181819,0,0,55.8,11,2.4,10
7,4,0,3,10,21,0,3,7,2.0,39,0.0,0,0.9318182,0.5714286,1,6,4.571429,1,0.85714287,2
2,3,0,11,11,1,2,10,1,2.0,81,0.0,0,0.9166667,0.5714286,0,0,39.5,3,1.5,2
17,2,0,5,37,128,1,4,11,2.0,287,0.0,0,0.7777778,0.21764706,1,12,15.882353,3,1.117647,2
1,1,0,0,2,0,0,0,1,2.0,8,0.0,0,0.0,1.0,0,0,3.0,0,0.0,0
5,2,0,2,12,0,1,1,5,0.0,58,1.0,1,0.6,0.48,1,4,10.4,2,1.2,0
9,4,0,3,12,36,0,3,9,2.0,50,0.0,0,0.9111111,0.5555556,1,6,4.5555553,1,0.8888889,2
3,3,0,4,8,0,1,4,1,0.75,40,0.5,0,0.9607843,0.5555556,2,7,11.666667,1,0.6666667,2
9,4,0,0,15,28,0,0,8,0.375,106,1.0,0,0.8,0.46666667,0,0,10.333333,1,0.5555556,0
5,1,0,10,7,0,10,0,4,0.0,32,1.0,0,0.0,0.46666667,0,0,5.2,2,1.0,1
5,3,0,5,13,0,1,5,1,0.75,59,0.5,0,0.92156863,0.46666667,2,6,10.4,1,0.8,2
5,2,0,4,12,0,2,2,2,0.0,55,1.0,1,0.6666667,0.45,1,2,9.8,2,1.0,1
4,1,0,9,4,6,9,0,4,1.3333334,5,0.0,0,0.0,0.5,0,0,0.0,1,1.0,2
6,1,0,0,6,15,0,0,6,2.0,6,0.0,0,0.0,0.6111111,0,0,0.0,1,1.0,0
8,1,0,1,14,0,1,0,5,0.14285715,574,0.0,0,0.0,0.5208333,0,0,70.375,8,5.625,1
9,2,0,5,19,0,2,3,4,0.375,107,1.0,1,0.53333336,0.41666666,1,2,10.666667,2,1.2222222,4
9,4,0,3,12,36,0,3,9,2.0,50,0.0,0,0.9111111,0.5555556,1,6,4.5555553,1,0.8888889,2
5,2,0,3,10,0,3,1,1,0.5,139,0.0,1,0.92156863,0.6,1,7,26.4,3,1.2,0
7,4,0,3,10,21,0,3,7,2.0,39,0.0,0,0.9318182,0.5714286,1,6,4.571429,1,0.85714287,2
31,4,0,3,46,465,1,2,31,2.0,259,0.0,0,0.7580645,0.30967742,0,0,7.354839,6,1.3870968,3
7,1,0,0,7,21,0,0,7,2.0,7,0.0,0,0.0,0.25,0,0,0.0,1,1.0,0
9,1,0,9,22,18,7,2,3,1.0288461,366,0.15384616,1,0.0,0.31746033,0,0,38.22222,17,4.6666665,2
13,4,0,3,16,78,0,3,13,2.0,72,0.0,0,0.87234044,0.53846157,1,4,4.5384617,1,0.9230769,2
6,1,0,2,19,13,1,2,5,0.8,127,0.0,1,0.0,0.53333336,0,0,20.0,11,3.0,17
4,3,0,5,8,6,0,5,4,2.0,29,0.0,0,1.0,0.5,0,0,6.25,0,0.0,3
8,1,0,13,22,12,7,6,6,0.7619048,313,0.33333334,2,0.0,0.35714287,0,0,37.75,9,3.875,8
10,1,0,16,17,0,16,0,5,0.8074074,350,0.06666667,0,0.0,0.55,0,0,32.5,8,3.7,7
0,1,0,0,0,0,0,0,0,2.0,0,0.0,0,0.0,0.0,0,0,0.0,0,0.0,0
2,1,0,2,6,1,1,1,2,0.0,43,0.0,1,0.0,0.8333333,0,0,19.0,0,0.0,0
42,2,3,13,47,855,3,10,40,0.9512195,115,1.0,0,0.046511628,0.20634921,1,1,1.7142857,1,0.97619045,2
4,4,0,6,19,6,2,4,2,1.3333334,146,1.0,0,0.97183096,0.39285713,1,9,35.25,1,0.5,1
2,1,0,16,2,1,15,1,2,2.0,2,0.0,0,0.0,1.0,0,0,0.0,1,1.0,1
8,1,0,0,8,28,0,0,8,2.0,8,0.0,0,0.0,0.46875,0,0,0.0,1,1.0,0
4,2,0,2,9,0,2,1,0,0.0,30,0.0,0,0.88,0.5833333,0,0,6.25,1,0.75,0
4,2,0,12,14,0,1,12,4,0.33333334,112,1.0,2,0.8125,0.40625,0,0,26.0,2,1.0,0
2,2,0,4,3,0,2,3,0,0.0,14,0.0,1,0.95652175,0.6666667,0,0,5.5,1,0.5,0
13,4,0,2,21,78,0,2,13,2.0,103,0.0,0,0.8867925,0.40384614,0,0,6.923077,3,1.2307693,2
25,1,0,0,25,300,0,0,25,1.0416666,37,0.0,0,0.0,0.33,0,0,0.0,1,1.0,0
12,1,0,3,12,66,2,1,12,2.0,12,0.0,0,0.0,0.31944445,0,0,0.0,1,1.0,0
7,2,0,2,9,1,1,1,7,0.9722222,70,0.0,1,0.6,0.31428573,0,0,7.285714,1,0.85714287,1
3,4,0,2,7,3,0,2,3,2.0,19,0.0,0,0.9791667,0.6666667,0,0,5.3333335,1,0.6666667,2
63,1,3,22,79,1617,22,2,36,0.9565757,531,0.84615386,1,0.0,0.14761905,0,0,7.2222223,5,1.4126984,16
6,1,0,0,6,15,0,0,6,2.0,6,0.0,0,0.0,0.75,0,0,0.0,1,1.0,0
1,2,0,10,8,0,3,7,1,2.0,62,0.0,0,1.0,1.0,0,0,61.0,0,0.0,0
32,1,0,16,80,0,2,14,29,0.8508065,814,1.0,6,0.0,0.18475074,0,0,23.9375,1,0.90625,6
9,4,0,3,12,36,0,3,9,2.0,50,0.0,0,0.9111111,0.5555556,1,6,4.5555553,1,0.8888889,2
5,2,0,3,12,0,1,2,5,0.0,58,1.0,1,0.6,0.55,1,4,10.4,2,1.2,0
27,4,0,2,33,351,0,2,27,2.0,151,0.0,0,0.78333336,0.3888889,0,0,4.5925927,1,0.962963,2
5,4,0,3,8,10,0,3,5,2.0,28,0.0,0,0.95348835,0.6,1,4,4.6,1,0.8,2
22,1,0,0,43,127,0,0,20,0.6984127,161,0.0,3,0.0,0.15034965,0,0,6.181818,2,0.95454544,0
3,1,2,5,6,1,2,3,1,1.1666666,35,1.0,1,0.0,0.5555556,0,0,9.666667,1,0.6666667,1
1,4,0,0,2,0,0,0,1,2.0,5,0.0,0,1.0,1.0,0,0,4.0,0,0.0,0
0,1,0,3,0,0,1,2,0,2.0,0,0.0,0,0.0,0.0,0,0,0.0,0,0.0,1
10,4,1,3,20,43,2,2,9,1.0,64,0.5,0,0.89772725,0.325,2,8,5.2,2,1.0,5
4,5,0,19,5,0,18,1,4,0.8333333,34,0.5,0,0.9,0.6666667,0,0,6.5,1,0.5,1
2,1,0,3,2,1,3,0,2,2.0,2,0.0,0,0.0,1.0,0,0,0.0,1,1.0,1
9,2,0,5,22,0,2,3,4,0.375,143,1.0,1,0.53333336,0.41666666,1,2,14.666667,2,1.2222222,3
0,1,0,2,0,0,1,1,0,2.0,0,0.0,0,0.0,0.0,0,0,0.0,0,0.0,1
3,1,0,1,3,3,0,1,3,2.0,3,0.0,0,0.0,1.0,0,0,0.0,1,1.0,0
1,1,0,3,2,0,1,2,1,2.0,6,0.0,2,0.0,1.0,0,0,3.0,0,0.0,0
24,1,6,10,39,234,7,9,0,1.0235507,268,0.0,1,0.0,0.19565217,0,0,9.166667,2,0.9583333,1
14,1,0,14,53,39,1,13,7,0.8076923,1255,1.0,5,0.0,0.35164836,0,0,87.35714,18,4.214286,7
13,4,0,3,16,78,0,3,13,2.0,72,0.0,0,0.87234044,0.53846157,1,7,4.5384617,1,0.9230769,2
25,1,0,41,137,122,15,37,3,0.8630952,3191,0.64285713,22,0.0,0.17777778,0,0,124.4,31,7.08,31
12,1,0,6,12,66,2,4,12,1.0909091,16,0.0,0,0.0,0.23148148,0,0,0.0,1,1.0,0
55,1,0,3,99,473,1,3,26,0.7989418,2660,0.0,7,0.0,0.24646464,0,0,47.109093,20,3.8181818,10
6,1,0,0,6,15,0,0,6,2.0,6,0.0,0,0.0,0.5,0,0,0.0,1,1.0,0
2,2,0,2,3,0,2,1,0,0.0,13,0.0,0,0.95652175,0.75,0,0,5.0,1,0.5,0
0,1,0,1,0,0,1,0,0,2.0,0,0.0,0,0.0,0.0,0,0,0.0,0,0.0,1
18,4,0,3,25,153,0,3,18,0.9411765,102,1.0,1,0.8468468,0.4814815,0,0,4.611111,2,1.0,3
1,1,0,2,2,0,2,1,0,2.0,12,0.0,1,0.0,1.0,0,0,9.0,0,0.0,0
2,1,0,6,2,1,4,3,2,2.0,2,0.0,0,0.0,0.625,0,0,0.0,1,1.0,3
9,1,1,21,13,6,21,0,9,0.125,141,0.0,0,0.0,0.4,0,0,14.333333,5,1.6666666,1
9,4,0,3,12,36,0,3,9,2.0,50,0.0,0,0.9111111,0.5555556,1,4,4.5555553,1,0.8888889,2
8,4,0,16,12,0,15,1,8,0.2857143,64,1.0,0,0.8181818,0.4375,0,0,6.75,1,0.5,1
1,4,0,5,2,0,5,0,1,2.0,13,0.0,0,1.0,1.0,0,0,7.0,0,0.0,1
6,2,0,4,12,1,3,2,1,0.6,67,0.0,1,0.90384614,0.5555556,1,7,9.666667,3,1.1666666,0
2,1,0,2,2,1,1,1,2,2.0,2,0.0,0,0.0,0.75,0,0,0.0,1,1.0,1
1,4,0,0,2,0,0,0,1,2.0,24,0.0,0,1.0,1.0,0,0,7.0,0,0.0,0
44,3,1,17,131,588,1,16,39,0.9255814,1328,1.0,7,0.5,0.10167464,3,6,28.84091,2,1.0,14
2,1,0,8,18,0,1,8,1,0.0,105,1.0,1,0.0,0.6666667,0,0,51.0,1,0.5,0
24,1,0,17,24,276,16,1,24,2.0,24,0.0,0,0.0,0.44166666,0,0,0.0,1,1.0,1
16,1,0,0,16,120,0,0,16,2.0,16,0.0,0,0.0,0.6875,0,0,0.0,1,1.0,0
2,1,0,6,2,1,5,1,2,2.0,2,0.0,0,0.0,1.0,0,0,0.0,1,1.0,2
8,1,0,9,49,2,1,8,2,0.7669173,1134,1.0,5,0.0,0.51428574,0,0,138.375,25,9.5,3
18,1,0,13,18,153,10,3,18,1.0588236,20,0.0,0,0.0,0.3425926,0,0,0.0,1,1.0,2
12,2,0,6,50,24,1,6,5,2.0,719,0.0,0,0.5217391,0.32142857,1,9,58.916668,10,3.1666667,9
11,4,0,3,14,55,0,3,11,2.0,61,0.0,0,0.8913044,0.54545456,1,6,4.5454545,1,0.90909094,2
4,1,0,3,4,6,2,1,4,1.3333334,7,0.0,0,0.0,1.0,0,0,0.0,1,1.0,5
18,1,1,0,19,153,0,0,18,2.0,40,0.0,0,0.0,0.2857143,0,0,1.2222222,1,0.9444444,0
3,4,0,2,6,3,0,2,3,2.0,17,0.0,0,0.9791667,0.6666667,0,0,4.6666665,1,0.6666667,2
2,1,0,3,7,0,1,2,2,0.6666667,381,0.6666667,2,0.0,0.5833333,0,0,186.5,42,21.0,1
2,1,0,0,2,1,0,0,2,2.0,2,0.0,0,0.0,0.75,0,0,0.0,1,1.0,0
2,1,0,0,2,1,0,0,2,2.0,2,0.0,0,0.0,0.75,0,0,0.0,1,1.0,0
15,4,0,2,30,105,0,2,15,2.0,126,0.0,0,0.8703704,0.4,0,0,7.4,3,1.1333333,2
3,1,0,0,3,3,0,0,3,2.0,3,0.0,0,0.0,0.6666667,0,0,0.0,1,1.0,0
4,1,0,2,4,6,1,1,4,2.0,4,0.0,0,0.0,0.75,0,0,0.0,1,1.0,1
2,2,0,2,3,0,2,1,0,0.0,13,0.0,0,0.95652175,0.6666667,0,0,5.0,1,0.5,0
8,2,0,11,28,24,2,9,6,0.71428573,248,1.0,0,0.6875,0.3265306,1,1,29.875,3,0.875,1
2,2,0,4,10,1,1,3,1,2.0,76,0.0,0,0.75,0.625,2,2,37.0,11,5.5,1
14,4,0,16,48,35,4,12,14,2.0,328,0.0,0,0.8684211,0.2,1,1,22.428572,1,0.71428573,8
15,3,0,20,50,79,6,19,9,0.9880952,410,1.0,7,0.779661,0.20535715,2,14,24.733334,2,0.93333334,18
30,1,0,0,88,177,0,0,24,0.8820327,887,0.7368421,9,0.0,0.12666667,0,0,27.933332,4,1.2333333,0
8,4,0,26,12,0,25,1,8,0.2857143,64,1.0,0,0.8181818,0.4375,0,0,6.75,1,0.5,1
7,1,3,45,12,1,44,1,7,0.75,279,1.0,1,0.0,0.5714286,0,0,38.57143,5,3.4285715,2
14,1,0,2,14,91,1,1,14,2.0,14,0.0,0,0.0,0.5,0,0,0.0,1,1.0,1
4,1,0,5,11,0,3,2,3,0.0,92,0.0,1,0.0,0.5,0,0,21.75,5,1.5,0
3,2,1,3,4,1,3,1,0,0.5,15,0.0,1,0.9166667,0.5555556,0,0,3.6666667,1,0.6666667,0
17,4,0,2,27,136,0,2,17,2.0,123,0.0,0,0.8545455,0.31764707,0,0,6.2352943,3,1.1764706,2
4,1,0,5,4,6,1,4,4,2.0,4,0.0,0,0.0,0.4375,0,0,0.0,1,1.0,4
9,4,0,3,12,36,0,3,9,2.0,50,0.0,0,0.9111111,0.5555556,1,5,4.5555553,1,0.8888889,2
1,1,0,0,1,0,0,0,1,2.0,1,0.0,0,0.0,1.0,0,0,0.0,1,1.0,0
2,1,0,8,20,0,1,8,1,0.0,237,1.0,1,0.0,0.6666667,0,0,117.0,1,0.5,0
8,1,0,0,8,28,0,0,8,2.0,8,0.0,0,0.0,0.35416666,0,0,0.0,1,1.0,0
4,3,0,7,30,0,1,7,1,0.6666667,173,0.5,0,0.94736844,0.5,2,5,41.75,8,2.5,1
5,4,1,7,13,2,4,4,5,0.8333333,52,0.6666667,1,0.9518072,0.4,2,6,8.8,2,1.2,1
14,2,6,15,44,81,6,9,6,0.96410257,1123,0.33333334,0,0.47826087,0.29591838,1,1,78.14286,2,0.9285714,1
3,1,0,0,5,1,0,0,2,0.5,14,0.0,0,0.0,0.5,0,0,3.3333333,1,0.33333334,1
3,1,0,0,3,3,0,0,3,2.0,3,0.0,0,0.0,0.6666667,0,0,0.0,1,1.0,0
18,2,0,6,35,0,6,1,1,0.6806723,2128,0.14285715,1,0.734375,0.3611111,1,7,116.833336,17,8.0,5
2,1,0,0,2,1,0,0,2,2.0,2,0.0,0,0.0,0.75,0,0,0.0,1,1.0,0
3,1,0,1,5,0,1,0,3,0.25,42,1.0,0,0.0,0.6666667,0,0,12.333333,2,1.3333334,0
12,1,0,35,75,14,16,21,7,0.9657869,4202,0.5591398,19,0.0,0.20979021,0,0,341.41666,31,6.6666665,13
49,1,9,16,88,866,15,11,2,0.9969758,2101,0.3548387,20,0.0,0.1875,0,0,40.612244,27,2.5510204,7
4,4,0,10,7,6,10,0,4,2.0,21,0.0,0,1.0,0.6666667,0,0,4.25,0,0.0,0
6,2,2,13,23,13,2,12,0,2.0,450,0.0,0,0.6666667,0.4814815,1,1,74.0,18,5.3333335,5
10,1,0,0,10,45,0,0,10,2.0,10,0.0,0,0.0,0.75,0,0,0.0,1,1.0,0
15,4,1,10,27,57,7,4,14,0.8214286,200,0.875,3,0.8586956,0.38333333,2,9,11.8,2,1.5333333,8
1,2,0,2,2,0,2,1,0,2.0,21,0.0,3,1.0,1.0,0,0,16.0,0,0.0,0
42,1,0,3,67,375,2,1,29,0.7804878,2031,1.0,0,0.0,0.22648084,0,0,47.07143,33,3.142857,7
7,4,0,3,10,21,0,3,7,2.0,39,0.0,0,0.9318182,0.5714286,1,6,4.571429,1,0.85714287,2
1,4,0,0,2,0,0,0,1,2.0,10,0.0,0,1.0,1.0,0,0,7.0,0,0.0,0
10,1,0,2,10,45,1,1,10,2.0,10,0.0,0,0.0,0.5,0,0,0.0,1,1.0,1
5,2,0,5,25,0,3,3,1,0.25,393,0.0,0,0.92156863,0.6,1,8,77.4,16,6.4,0
2,1,0,0,2,1,0,0,2,2.0,2,0.0,0,0.0,1.0,0,0,0.0,1,1.0,0
20,1,0,0,20,190,0,0,20,2.0,20,0.0,0,0.0,0.75,0,0,0.0,1,1.0,0
4,4,0,5,18,0,1,5,1,0.6666667,123,0.5,0,0.95522386,0.5,4,9,29.25,9,2.75,2
42,5,3,20,101,457,13,12,12,0.8327526,1394,0.71428573,1,0.8,0.16386555,4,18,32.02381,33,3.7380953,15
17,1,0,0,17,136,0,0,17,2.0,17,0.0,0,0.0,0.45588234,0,0,0.0,1,1.0,1
5,4,0,3,8,10,0,3,5,2.0,28,0.0,0,0.95348835,0.6,1,4,4.6,1,0.8,2
3,1,0,5,3,3,4,1,3,2.0,3,0.0,0,0.0,0.6666667,0,0,0.0,1,1.0,0
3,3,0,13,21,1,3,12,0,2.0,271,0.0,0,0.88235295,0.6111111,2,3,89.333336,13,7.6666665,8
8,1,0,2,8,28,1,1,8,2.0,8,0.0,0,0.0,0.5,0,0,0.0,1,1.0,1
31,2,1,25,116,177,3,23,12,0.9457364,1419,1.0,14,0.36956522,0.12619048,2,8,43.387096,2,0.9677419,24
39,1,0,18,85,741,15,3,38,2.0,951,0.0,0,0.0,0.18589744,0,0,23.384615,7,3.2307692,2
0,1,0,0,0,0,0,0,0,2.0,0,0.0,0,0.0,0.0,0,0,0.0,0,0.0,0
6,1,0,7,12,0,1,6,6,0.76666665,246,1.0,2,0.0,0.41666666,0,0,39.0,13,3.5,1
12,1,0,0,12,66,0,0,12,2.0,12,0.0,0,0.0,0.35416666,0,0,0.0,1,1.0,0
6,1,1,10,36,9,2,9,1,0.6,415,1.0,1,0.0,0.375,0,0,68.0,1,0.8333333,0
66,1,0,38,230,489,1,37,49,0.93368703,3681,1.0,25,0.0,0.11674208,0,0,53.454544,11,1.5757576,13
8,2,0,3,25,0,1,2,6,0.71428573,139,1.0,2,0.7307692,0.35,1,1,15.875,1,0.875,12
4,1,0,2,4,6,1,1,4,2.0,4,0.0,0,0.0,0.75,0,0,0.0,1,1.0,1
7,2,0,3,11,1,2,1,7,0.29166666,92,0.0,0,0.44444445,0.35714287,1,1,11.571428,2,0.85714287,0
4,2,0,3,11,0,3,1,1,0.41666666,133,0.0,3,0.94,0.6666667,1,7,31.25,4,2.25,0
13,2,0,10,29,68,3,7,10,0.8833333,134,1.0,2,0.21428572,0.21367522,0,0,8.923077,3,1.0,1
18,1,0,0,18,153,0,0,18,2.0,18,0.0,0,0.0,0.5,0,0,0.0,1,1.0,0
3,4,0,4,9,0,1,4,1,0.75,44,0.5,0,0.9677419,0.5555556,3,12,13.0,2,1.0,1
1,4,1,0,2,0,0,0,1,2.0,11,0.0,0,1.0,1.0,0,0,7.0,0,0.0,0
14,1,0,60,36,61,51,9,13,0.93491125,257,0.7692308,3,0.0,0.23846154,0,0,16.428572,1,0.85714287,4
3,1,0,6,10,0,5,1,3,0.25,113,1.0,1,0.0,0.5,0,0,36.0,13,4.6666665,0
6,3,5,0,10,0,0,0,6,0.0,54,1.0,0,0.85,0.5555556,1,2,7.8333335,3,1.0,0
25,1,0,57,66,190,18,39,17,0.9015151,1159,0.4090909,14,0.0,0.13611111,0,0,44.48,3,1.08,18
14,1,0,0,14,91,0,0,14,2.0,14,0.0,0,0.0,0.5,0,0,0.0,1,1.0,0
18,1,1,6,28,25,5,1,18,0.64705884,390,1.0,1,0.0,0.17901234,0,0,20.222221,1,0.9444444,3
13,2,0,1,25,54,1,0,10,0.7916667,1273,0.8333333,0,0.47619048,0.35384616,1,2,96.46154,1,0.84615386,6
3,1,0,0,3,3,0,0,3,2.0,3,0.0,0,0.0,0.5555556,0,0,0.0,1,1.0,0
19,1,0,1,46,149,1,0,11,0.984127,713,0.7619048,0,0.0,0.23333333,0,0,35.42105,15,2.7894738,3
1,1,0,3,1,0,2,1,1,2.0,1,0.0,0,0.0,1.0,0,0,0.0,1,1.0,1
2,1,0,2,2,1,1,1,2,2.0,2,0.0,0,0.0,0.75,0,0,0.0,1,1.0,1
4,1,0,2,4,6,1,1,4,2.0,4,0.0,0,0.0,0.75,0,0,0.0,1,1.0,1
2,1,0,2,14,0,1,1,2,1.0,124,0.5,0,0.0,0.625,0,0,59.0,1,0.5,1
2,1,0,2,2,1,1,1,2,2.0,2,0.0,0,0.0,0.75,0,0,0.0,1,1.0,1
6,3,2,9,21,15,7,3,6,1.2,88,0.0,0,0.91525424,0.33333334,1,4,13.5,2,1.1666666,8
2,2,0,7,6,0,1,6,1,0.0,36,1.0,1,0.9230769,0.625,1,2,16.5,1,0.5,0
4,1,0,2,4,6,1,1,4,2.0,4,0.0,0,0.0,0.75,0,0,0.0,1,1.0,1
4,3,0,6,16,0,1,6,1,0.6666667,82,0.5,0,0.96,0.5,2,8,19.0,3,1.25,1
16,1,0,0,16,120,0,0,16,2.0,16,0.0,0,0.0,0.5,0,0,0.0,1,1.0,0
3,4,0,2,14,3,1,2,3,2.0,60,0.0,0,0.9791667,0.6666667,0,0,19.0,3,1.6666666,2
5,1,7,10,6,10,7,3,3,1.25,17,1.0,0,0.0,0.36666667,0,0,2.2,1,0.6,0
2,1,0,1,8,0,1,0,2,0.0,54,0.0,1,0.0,0.7,0,0,24.5,0,0.0,0
6,1,0,4,19,13,1,3,5,0.0,104,1.0,0,0.0,0.625,0,0,16.166666,3,1.0,1
6,2,0,4,14,0,2,2,2,0.2,154,1.0,2,0.61538464,0.41666666,1,2,24.333334,7,2.8333333,1
2,3,0,6,4,1,6,0,2,2.0,9,0.0,0,1.0,0.75,0,0,3.5,0,0.0,1
6,4,0,6,18,15,1,5,6,2.0,100,0.0,0,0.88235295,0.30952382,4,6,15.666667,2,0.8333333,1
3,2,0,2,12,0,2,0,1,0.5,79,1.0,0,0.9444444,0.75,0,0,24.666666,1,0.33333334,1
1,1,0,2,2,0,1,2,0,2.0,10,0.33333334,2,0.0,1.0,0,0,6.0,0,0.0,0
7,1,0,0,7,21,0,0,7,2.0,7,0.0,0,0.0,1.0,0,0,0.0,1,1.0,0
1,1,0,0,1,0,0,0,1,2.0,1,0.0,0,0.0,1.0,0,0,0.0,1,1.0,0
2,1,0,3,3,1,1,2,0,0.0,22,0.0,1,0.0,0.75,0,0,8.5,0,0.0,0
3,1,0,5,10,0,3,2,3,0.16666667,41,0.0,2,0.0,0.5,0,0,11.666667,1,0.6666667,1
16,1,0,6,16,120,0,6,16,2.0,16,0.0,0,0.0,0.29464287,0,0,0.0,1,1.0,1
2,1,0,0,17,1,0,0,2,2.0,103,0.0,0,0.0,0.5,0,0,50.0,10,5.0,0
5,2,0,4,12,0,2,2,2,0.0,55,1.0,1,0.6666667,0.45,1,2,9.8,2,1.0,1
5,1,0,0,5,10,0,0,5,2.0,5,0.0,0,0.0,0.6,0,0,0.0,1,1.0,0
6,3,0,8,19,15,2,6,3,2.0,149,0.0,0,0.8518519,0.41666666,1,3,23.833334,12,2.5,1
4,1,0,5,5,0,5,0,3,1.0666667,40,0.0,0,0.0,0.5,0,0,7.75,2,0.75,0
7,1,0,15,16,0,8,7,6,0.7380952,440,0.14285715,2,0.0,0.26190478,0,0,60.857143,19,5.714286,9
6,1,0,5,6,15,3,2,6,2.0,6,0.0,0,0.0,0.375,0,0,0.0,1,1.0,3
31,3,7,16,71,227,14,5,14,0.6,975,0.75,3,0.6329114,0.17921147,2,21,30.32258,17,2.580645,12
24,3,1,17,122,0,1,16,21,0.85607195,1567,0.9310345,7,0.6515151,0.25,3,10,63.083332,4,1.0833334,37
5,4,0,2,8,10,0,2,5,2.0,28,0.0,0,0.9591837,0.6,0,0,4.6,1,0.8,2
23,1,0,1,32,115,1,0,15,0.6181818,588,0.2,3,0.0,0.32173914,0,0,24.347826,10,3.652174,3
4,2,0,2,16,0,0,2,4,0.33333334,89,1.0,0,0.88461536,0.5833333,1,1,21.0,1,0.75,6
6,1,0,0,6,15,0,0,6,2.0,6,0.0,0,0.0,0.41666666,0,0,0.0,1,1.0,0
2,2,0,8,7,0,1,8,1,0.0,44,1.0,2,0.9285714,0.5714286,1,2,20.0,2,1.0,0
3,4,0,2,7,3,1,2,3,2.0,19,0.0,0,0.9791667,0.6666667,0,0,5.3333335,1,0.6666667,2
7,4,0,3,10,21,0,3,7,2.0,39,0.0,0,0.9318182,0.5714286,1,6,4.571429,1,0.85714287,2
4,1,0,21,21,0,15,7,1,0.75757575,171,1.0,4,0.0,0.4375,0,0,39.0,2,1.0,5
3,4,0,2,8,3,0,2,3,2.0,20,0.0,0,0.9791667,0.5,0,0,5.6666665,1,0.6666667,2
6,1,0,0,6,15,0,0,6,2.0,6,0.0,0,0.0,0.375,0,0,0.0,1,1.0,0
8,1,0,0,8,28,0,0,8,2.0,8,0.0,0,0.0,0.75,0,0,0.0,1,1.0,0
4,1,0,4,5,4,4,0,4,0.33333334,76,0.0,0,0.0,0.6666667,0,0,16.0,1,0.75,1
22,1,0,0,22,231,0,0,22,2.0,22,0.0,0,0.0,0.28181818,0,0,0.0,1,1.0,0
2,1,0,2,2,1,1,1,2,2.0,2,0.0,0,0.0,0.75,0,0,0.0,1,1.0,1
13,4,0,3,18,78,0,3,13,2.0,73,0.0,0,0.87234044,0.40384614,1,6,4.6153846,1,0.9230769,2
18,1,2,14,68,0,2,12,7,0.88235295,1804,1.0,8,0.0,0.22727273,0,0,97.72222,3,1.0555556,21
12,1,0,10,18,0,10,0,11,0.054545455,517,0.0,0,0.0,0.41666666,1,1,41.666668,7,3.75,2
3,1,0,6,3,3,3,3,3,2.0,3,0.0,0,0.0,0.6666667,0,0,0.0,1,1.0,3
1,4,0,0,2,0,0,0,1,2.0,5,0.0,0,1.0,1.0,0,0,4.0,0,0.0,0
6,1,2,6,19,13,4,3,5,0.8,157,0.0,1,0.0,0.53333336,0,0,25.0,20,4.5,6
6,2,0,7,20,9,1,7,3,0.0,136,1.0,0,0.54545456,0.43333334,1,2,21.5,5,1.5,2
7,3,0,9,21,15,2,7,4,0.6666667,97,1.0,1,0.8518519,0.3888889,2,4,12.714286,2,0.71428573,1
1,1,0,3,1,0,2,1,1,2.0,1,0.0,0,0.0,1.0,0,0,0.0,1,1.0,1
24,1,0,0,24,276,0,0,24,1.0434783,28,0.0,0,0.0,0.27083334,0,0,0.0,1,1.0,0
15,1,0,17,16,35,17,0,15,0.77380955,111,1.0,0,0.0,0.43333334,0,0,6.0,1,0.8,1
5,1,1,4,8,4,4,0,5,0.5,56,0.0,0,0.0,0.55,0,0,9.6,2,0.8,5
18,2,1,7,82,119,2,5,11,0.5294118,1240,0.5,0,0.8235294,0.20855615,1,8,67.77778,2,0.7777778,5
9,1,1,0,14,24,0,0,8,0.75,48,1.0,0,0.0,0.4814815,0,0,4.111111,1,0.8888889,0
5,1,0,3,9,4,2,1,4,1.2,135,0.08,0,0.0,0.5,0,0,21.0,1,0.6,0
50,1,1,15,106,711,2,13,3,0.84981686,3177,0.07692308,0,0.0,0.19428572,0,0,61.76,55,2.48,8
9,1,0,7,28,16,2,5,7,0.375,110,1.0,1,0.0,0.37777779,0,0,11.111111,1,0.7777778,3
10,2,0,9,24,37,2,7,9,0.7407407,123,1.0,3,0.27272728,0.3,0,0,11.0,1,0.8,1
17,2,0,3,34,0,1,2,16,0.4625,403,1.0,0,0.5151515,0.18300654,1,15,22.411764,8,2.235294,4
14,1,0,0,15,81,0,0,14,0.8769231,75,1.0,0,0.0,0.39285713,0,0,4.0,1,0.71428573,0
5,3,0,10,16,4,2,8,3,0.5,87,1.0,1,0.88461536,0.43333334,2,3,16.2,2,0.8,1
13,1,3,14,45,32,5,10,10,0.75,439,1.0,4,0.0,0.24175824,0,0,32.307693,6,2.1538463,0
1,1,0,0,2,0,0,0,1,2.0,7,0.0,0,0.0,1.0,0,0,3.0,0,0.0,0
13,1,0,0,13,78,0,0,13,2.0,13,0.0,0,0.0,0.53846157,0,0,0.0,1,1.0,0
34,3,0,59,83,541,55,9,29,0.969697,1017,0.8,5,0.73333335,0.28484848,2,4,28.617647,7,2.2058823,10
3,4,0,2,6,3,0,2,3,2.0,17,0.0,0,0.9791667,0.5,0,0,4.6666665,1,0.6666667,2
5,1,0,2,10,0,1,1,5,0.0,28,1.0,1,0.0,0.6,0,0,4.4,1,0.8,0
5,4,0,6,22,10,2,4,2,2.0,263,0.0,0,0.9583333,0.37142858,1,9,51.6,10,2.4,1
8,2,2,9,14,18,9,2,5,0.9047619,69,0.6666667,2,0.88,0.41666666,1,3,7.25,2,1.25,1
4,4,0,6,18,6,2,4,2,2.0,110,0.0,0,0.97183096,0.39285713,1,10,26.5,1,0.5,1
23,1,0,16,26,181,16,0,22,0.97979796,3198,0.0,0,0.0,0.25,0,0,137.65218,17,3.9130435,4
6,1,0,2,6,15,1,1,6,2.0,6,0.0,0,0.0,0.75,0,0,0.0,1,1.0,1
8,1,0,0,8,28,0,0,8,2.0,8,0.0,0,0.0,0.6666667,0,0,0.0,1,1.0,0
9,2,0,5,30,20,1,4,7,0.61538464,619,0.9230769,1,0.3,0.3015873,0,0,66.333336,1,0.7777778,1
6,2,0,18,33,11,2,18,1,2.0,612,0.0,0,0.6666667,0.35,1,2,101.0,34,9.833333,8
4,1,0,0,4,6,0,0,4,2.0,4,0.0,0,0.0,0.75,0,0,0.0,1,1.0,0
3,4,0,2,6,3,0,2,3,2.0,17,0.0,0,0.9791667,0.5,0,0,4.6666665,1,0.6666667,2
8,2,0,15,41,2,5,10,6,0.39285713,848,1.0,0,0.64705884,0.296875,1,2,104.5,6,1.75,1
2,3,0,11,14,1,1,11,1,2.0,155,0.0,0,0.9166667,0.5714286,0,0,76.5,8,4.0,2
8,1,0,0,8,28,0,0,8,2.0,8,0.0,0,0.0,0.75,0,0,0.0,1,1.0,0
12,1,0,1,15,58,1,0,8,1.0378788,969,1.0,0,0.0,0.25,0,0,78.75,19,4.9166665,0
0,1,0,1,0,0,1,0,0,2.0,0,0.0,0,0.0,0.0,0,0,0.0,0,0.0,1
7,4,0,3,10,21,0,3,7,2.0,39,0.0,0,0.9318182,0.5714286,1,6,4.571429,1,0.85714287,2
3,1,0,3,9,1,1,2,1,1.1666666,183,0.33333334,1,0.0,0.5,0,0,59.0,4,1.3333334,4
3,1,0,14,3,3,13,1,3,1.5,22,0.0,0,0.0,0.6666667,0,0,0.0,1,1.0,0
5,2,0,1,14,4,0,1,4,0.25,94,1.0,0,0.7647059,0.53333336,0,0,17.6,1,0.8,2
6,4,0,13,16,13,2,11,4,0.9,82,1.0,1,0.95454544,0.5,2,2,12.333333,2,0.5,1
0,1,0,0,0,0,0,0,0,2.0,0,0.0,0,0.0,0.0,0,0,0.0,0,0.0,0
0,1,0,0,0,0,0,0,0,2.0,0,0.0,0,0.0,0.0,0,0,0.0,0,0.0,0
6,1,3,4,7,9,4,0,6,0.4,27,0.0,0,0.0,0.44444445,0,0,3.3333333,1,0.6666667,0
15,1,0,29,56,69,0,29,7,0.75,881,0.75,0,0.0,0.34166667,0,0,57.2,7,2.2,1
4,4,0,6,20,0,1,6,1,0.6666667,118,0.5,0,0.96202534,0.5,3,11,28.0,6,2.0,6
2,4,0,10,4,1,10,0,2,2.0,9,0.0,0,1.0,0.75,0,0,3.5,0,0.0,2
12,1,0,0,12,66,0,0,12,2.0,12,0.0,0,0.0,0.75,0,0,0.0,1,1.0,0
11,1,0,0,11,55,0,0,11,2.0,11,0.0,0,0.0,0.34848484,0,0,0.0,1,1.0,0
7,4,0,2,14,21,0,2,7,2.0,42,0.0,0,0.94,0.34285715,0,0,5.0,1,0.85714287,2
5,1,0,4,5,10,3,1,5,1.25,9,0.0,0,0.0,0.55,0,0,0.0,1,1.0,1
8,1,0,16,21,26,3,14,2,0.9285714,691,1.0,3,0.0,0.3125,0,0,84.875,15,7.875,9
6,1,0,1,6,15,0,1,6,2.0,6,0.0,0,0.0,0.7222222,0,0,0.0,1,1.0,1
19,1,0,20,19,171,11,9,19,2.0,19,0.0,0,0.0,0.1491228,0,0,0.0,1,1.0,1
3,5,0,4,7,0,1,4,1,0.75,33,0.5,0,0.9692308,0.5555556,3,11,9.333333,1,0.6666667,1
8,1,0,1,10,20,1,0,5,0.85714287,266,1.0,0,0.0,0.25,0,0,31.75,5,2.25,0
1,1,0,0,1,0,0,0,1,2.0,1,0.0,0,0.0,1.0,0,0,0.0,1,1.0,0
12,1,0,8,12,66,8,1,12,1.0909091,18,0.0,0,0.0,0.375,0,0,0.0,1,1.0,1
1,1,0,1,2,0,1,1,0,2.0,20,0.25,2,0.0,1.0,0,0,15.0,0,0.0,0
16,1,0,0,16,120,0,0,16,2.0,16,0.0,0,0.0,0.6458333,0,0,0.0,1,1.0,0
3,3,0,0,4,1,0,0,2,0.5,247,0.0,0,0.974359,1.0,0,0,81.0,1,0.33333334,0
29,1,0,0,29,406,0,0,29,2.0,29,0.0,0,0.0,0.37068966,0,0,0.0,1,1.0,0
3,4,0,3,6,3,1,2,3,2.0,17,0.0,0,0.9791667,0.6666667,0,0,4.6666665,1,0.6666667,2
23,4,0,2,26,253,0,2,23,2.0,127,0.0,0,0.8103448,0.5217391,0,0,4.521739,1,0.95652175,2
15,3,0,24,60,87,3,23,0,0.96428573,1645,1.0,1,0.53571427,0.34415585,2,4,108.53333,12,2.0666666,20
12,4,0,3,22,66,0,3,12,2.0,97,0.0,0,0.8952381,0.31666666,1,1,7.0833335,3,1.25,2
69,3,0,25,129,1784,15,24,50,0.8913044,3050,0.95652175,0,0.5714286,0.18171683,2,12,42.869564,12,2.6231885,15
2,1,0,5,15,0,1,5,1,0.0,263,1.0,1,0.0,0.6666667,0,0,130.0,1,0.5,0
4,1,0,2,8,0,1,1,4,0.33333334,105,1.0,1,0.0,0.75,0,0,24.75,3,1.25,0
6,1,2,18,39,1,8,11,5,0.8,781,1.0,2,0.0,0.33333334,0,0,128.16667,3,1.3333334,11
2,1,0,0,2,1,0,0,2,2.0,2,0.0,0,0.0,0.75,0,0,0.0,1,1.0,0
7,4,0,3,10,21,0,3,7,2.0,39,0.0,0,0.9318182,0.5714286,1,6,4.571429,1,0.85714287,2
4,4,2,48,6,0,48,0,4,0.33333334,27,1.0,0,0.9444444,0.6666667,0,0,5.5,1,0.25,2
8,2,0,3,15,18,3,1,1,0.61904764,275,0.0,1,0.8703704,0.5833333,1,9,33.0,16,2.75,0
2,1,0,1,2,1,0,1,2,2.0,2,0.0,0,0.0,0.75,0,0,0.0,1,1.0,1
10,1,0,0,10,45,0,0,10,1.1111112,13,0.0,0,0.0,0.4,0,0,0.0,1,1.0,0
23,4,0,3,32,253,0,3,23,2.0,149,0.0,0,0.8103448,0.29565218,1,3,5.478261,3,1.1304348,2
6,2,0,22,48,5,2,21,0,0.93333334,706,0.6666667,2,0.6666667,0.375,1,2,116.166664,52,10.333333,10
9,4,0,3,12,36,0,3,9,2.0,50,0.0,0,0.9111111,0.5555556,1,5,4.5555553,1,0.8888889,2
1,5,0,1,2,0,1,0,1,2.0,6,0.0,0,1.0,1.0,0,0,5.0,0,0.0,1
13,4,0,2,16,78,1,2,13,2.0,72,0.0,0,0.8867925,0.53846157,0,0,4.5384617,1,0.9230769,2
23,3,52,55,42,253,53,3,17,2.0,249,0.0,0,0.7659575,0.45652175,1,2,9.826087,4,1.6086956,4
1,1,0,3,2,0,2,2,0,2.0,18,0.0,3,0.0,1.0,0,0,12.0,0,0.0,3
1,1,0,0,2,0,0,0,1,2.0,9,0.0,0,0.0,1.0,0,0,3.0,0,0.0,2
8,1,0,0,15,0,0,0,6,0.5714286,49,1.0,2,0.0,0.375,0,0,4.875,1,0.875,0
1,1,0,3,1,0,2,1,1,2.0,1,0.0,0,0.0,1.0,0,0,0.0,1,1.0,5
2,1,0,1,2,1,0,1,2,2.0,2,0.0,0,0.0,1.0,0,0,0.0,1,1.0,0
3,4,0,2,6,3,0,2,3,2.0,17,0.0,0,0.9791667,0.6666667,0,0,4.6666665,1,0.6666667,2
22,1,0,0,22,231,0,0,22,2.0,22,0.0,0,0.0,0.75,0,0,0.0,1,1.0,0
5,1,0,12,6,0,11,1,5,1.025,76,0.2,1,0.0,0.6,0,0,12.2,2,1.0,7
7,2,0,2,11,9,1,1,7,0.33333334,45,0.0,0,0.44444445,0.35714287,1,1,5.285714,1,0.71428573,0
12,1,0,0,12,66,0,0,12,2.0,12,0.0,0,0.0,0.6388889,0,0,0.0,1,1.0,0
6,3,1,4,21,3,3,2,4,0.96,255,0.4,0,0.9375,0.6111111,3,3,40.666668,3,1.3333334,14
19,4,0,2,24,171,0,2,19,2.0,105,0.0,0,0.83928573,0.39473686,0,0,4.5263157,1,0.94736844,2
10,4,0,13,13,0,13,0,10,0.5925926,75,1.0,0,0.7692308,0.425,0,0,6.2,1,0.6,0
20,1,0,13,20,190,5,9,20,2.0,20,0.0,0,0.0,0.3,0,0,0.0,1,1.0,1
4,1,0,2,4,6,1,1,4,2.0,4,0.0,0,0.0,0.75,0,0,0.0,1,1.0,1
4,4,0,3,8,6,0,3,4,1.0,32,1.0,1,0.96907216,0.5833333,0,0,6.75,2,1.0,3
1,1,0,7,1,0,7,0,1,2.0,1,0.0,0,0.0,1.0,0,0,0.0,1,1.0,1
4,3,0,5,16,0,1,5,1,0.6666667,93,0.5,0,0.9464286,0.5,2,7,21.75,1,0.75,3
4,3,0,39,23,4,37,3,2,0.982906,580,0.051282052,0,0.9777778,0.5555556,1,1,134.25,1,0.5,2
15,4,0,3,38,105,1,2,15,2.0,195,0.0,0,0.8703704,0.32,1,1,12.0,6,1.7333333,2
3,4,0,6,12,3,2,4,2,2.0,68,0.0,0,0.98571426,0.42857143,1,7,21.666666,1,0.33333334,1
2,1,0,5,2,1,2,3,2,2.0,2,0.0,0,0.0,0.6666667,0,0,0.0,1,1.0,1
4,2,0,3,10,0,3,1,1,0.33333334,93,0.0,2,0.94,0.5833333,1,7,21.75,5,2.0,0
6,1,0,7,12,0,1,6,6,0.6857143,334,1.0,1,0.0,0.3888889,0,0,53.5,10,4.1666665,6
20,4,0,11,41,152,2,9,3,2.0,458,0.0,0,0.64,0.21363637,2,11,21.9,5,1.3,1
3,1,0,9,3,3,5,4,3,2.0,3,0.0,0,0.0,0.6666667,0,0,0.0,1,1.0,2
1,2,1,6,3,0,1,5,0,2.0,9,1.0,1,1.0,1.0,0,0,7.0,0,0.0,2
3,1,0,1,7,1,1,0,0,0.5,42,0.0,0,0.0,0.5,0,0,11.666667,2,0.6666667,2
2,1,0,3,4,0,1,2,2,0.0,288,1.0,1,0.0,0.8,0,0,140.5,28,14.0,1
4,1,0,0,4,6,0,0,4,2.0,4,0.0,0,0.0,1.0,0,0,0.0,1,1.0,0
3,3,1,3,4,3,2,2,3,1.5,13,0.0,0,0.96428573,0.5555556,1,4,3.0,1,0.6666667,1
7,1,0,0,7,21,0,0,7,2.0,7,0.0,0,0.0,0.42857143,0,0,0.0,1,1.0,0
1,2,0,7,7,0,3,4,1,2.0,26,0.0,0,1.0,1.0,0,0,25.0,0,0.0,0
